"日付","曜日","区分","祝日名"
"2027-01-01","金","休日","元日"
"2027-01-02","土","休日",""
"2027-01-03","日","休日",""
"2027-01-04","月","営業日",""
"2027-01-05","火","営業日",""
"2027-01-06","水","営業日",""
"2027-01-07","木","営業日",""
"2027-01-08","金","営業日",""
"2027-01-09","土","休日",""
"2027-01-10","日","休日",""
"2027-01-11","月","休日","成人の日"
"2027-01-12","火","営業日",""
"2027-01-13","水","営業日",""
"2027-01-14","木","営業日",""
"2027-01-15","金","営業日",""
"2027-01-16","土","休日",""
"2027-01-17","日","休日",""
"2027-01-18","月","営業日",""
"2027-01-19","火","営業日",""
"2027-01-20","水","営業日",""
"2027-01-21","木","営業日",""
"2027-01-22","金","営業日",""
"2027-01-23","土","休日",""
"2027-01-24","日","休日",""
"2027-01-25","月","営業日",""
"2027-01-26","火","営業日",""
"2027-01-27","水","営業日",""
"2027-01-28","木","営業日",""
"2027-01-29","金","営業日",""
"2027-01-30","土","休日",""
"2027-01-31","日","休日",""
"2027-02-01","月","営業日",""
"2027-02-02","火","営業日",""
"2027-02-03","水","営業日",""
"2027-02-04","木","営業日",""
"2027-02-05","金","営業日",""
"2027-02-06","土","休日",""
"2027-02-07","日","休日",""
"2027-02-08","月","営業日",""
"2027-02-09","火","営業日",""
"2027-02-10","水","営業日",""
"2027-02-11","木","休日","建国記念の日"
"2027-02-12","金","営業日",""
"2027-02-13","土","休日",""
"2027-02-14","日","休日",""
"2027-02-15","月","営業日",""
"2027-02-16","火","営業日",""
"2027-02-17","水","営業日",""
"2027-02-18","木","営業日",""
"2027-02-19","金","営業日",""
"2027-02-20","土","休日",""
"2027-02-21","日","休日",""
"2027-02-22","月","営業日",""
"2027-02-23","火","休日","天皇誕生日"
"2027-02-24","水","営業日",""
"2027-02-25","木","営業日",""
"2027-02-26","金","営業日",""
"2027-02-27","土","休日",""
"2027-02-28","日","休日",""
"2027-03-01","月","営業日",""
"2027-03-02","火","営業日",""
"2027-03-03","水","営業日",""
"2027-03-04","木","営業日",""
"2027-03-05","金","営業日",""
"2027-03-06","土","休日",""
"2027-03-07","日","休日",""
"2027-03-08","月","営業日",""
"2027-03-09","火","営業日",""
"2027-03-10","水","営業日",""
"2027-03-11","木","営業日",""
"2027-03-12","金","営業日",""
"2027-03-13","土","休日",""
"2027-03-14","日","休日",""
"2027-03-15","月","営業日",""
"2027-03-16","火","営業日",""
"2027-03-17","水","営業日",""
"2027-03-18","木","営業日",""
"2027-03-19","金","営業日",""
"2027-03-20","土","休日",""
"2027-03-21","日","休日","春分の日"
"2027-03-22","月","休日","振替休日"
"2027-03-23","火","営業日",""
"2027-03-24","水","営業日",""
"2027-03-25","木","営業日",""
"2027-03-26","金","営業日",""
"2027-03-27","土","休日",""
"2027-03-28","日","休日",""
"2027-03-29","月","営業日",""
"2027-03-30","火","営業日",""
"2027-03-31","水","営業日",""
"2027-04-01","木","営業日",""
"2027-04-02","金","営業日",""
"2027-04-03","土","休日",""
"2027-04-04","日","休日",""
"2027-04-05","月","営業日",""
"2027-04-06","火","営業日",""
"2027-04-07","水","営業日",""
"2027-04-08","木","営業日",""
"2027-04-09","金","営業日",""
"2027-04-10","土","休日",""
"2027-04-11","日","休日",""
"2027-04-12","月","営業日",""
"2027-04-13","火","営業日",""
"2027-04-14","水","営業日",""
"2027-04-15","木","営業日",""
"2027-04-16","金","営業日",""
"2027-04-17","土","休日",""
"2027-04-18","日","休日",""
"2027-04-19","月","営業日",""
"2027-04-20","火","営業日",""
"2027-04-21","水","営業日",""
"2027-04-22","木","営業日",""
"2027-04-23","金","営業日",""
"2027-04-24","土","休日",""
"2027-04-25","日","休日",""
"2027-04-26","月","営業日",""
"2027-04-27","火","営業日",""
"2027-04-28","水","営業日",""
"2027-04-29","木","休日","昭和の日"
"2027-04-30","金","営業日",""
"2027-05-01","土","休日",""
"2027-05-02","日","休日",""
"2027-05-03","月","休日","憲法記念日"
"2027-05-04","火","休日","みどりの日"
"2027-05-05","水","休日","こどもの日"
"2027-05-06","木","営業日",""
"2027-05-07","金","営業日",""
"2027-05-08","土","休日",""
"2027-05-09","日","休日",""
"2027-05-10","月","営業日",""
"2027-05-11","火","営業日",""
"2027-05-12","水","営業日",""
"2027-05-13","木","営業日",""
"2027-05-14","金","営業日",""
"2027-05-15","土","休日",""
"2027-05-16","日","休日",""
"2027-05-17","月","営業日",""
"2027-05-18","火","営業日",""
"2027-05-19","水","営業日",""
"2027-05-20","木","営業日",""
"2027-05-21","金","営業日",""
"2027-05-22","土","休日",""
"2027-05-23","日","休日",""
"2027-05-24","月","営業日",""
"2027-05-25","火","営業日",""
"2027-05-26","水","営業日",""
"2027-05-27","木","営業日",""
"2027-05-28","金","営業日",""
"2027-05-29","土","休日",""
"2027-05-30","日","休日",""
"2027-05-31","月","営業日",""
"2027-06-01","火","営業日",""
"2027-06-02","水","営業日",""
"2027-06-03","木","営業日",""
"2027-06-04","金","営業日",""
"2027-06-05","土","休日",""
"2027-06-06","日","休日",""
"2027-06-07","月","営業日",""
"2027-06-08","火","営業日",""
"2027-06-09","水","営業日",""
"2027-06-10","木","営業日",""
"2027-06-11","金","営業日",""
"2027-06-12","土","休日",""
"2027-06-13","日","休日",""
"2027-06-14","月","営業日",""
"2027-06-15","火","営業日",""
"2027-06-16","水","営業日",""
"2027-06-17","木","営業日",""
"2027-06-18","金","営業日",""
"2027-06-19","土","休日",""
"2027-06-20","日","休日",""
"2027-06-21","月","営業日",""
"2027-06-22","火","営業日",""
"2027-06-23","水","営業日",""
"2027-06-24","木","営業日",""
"2027-06-25","金","営業日",""
"2027-06-26","土","休日",""
"2027-06-27","日","休日",""
"2027-06-28","月","営業日",""
"2027-06-29","火","営業日",""
"2027-06-30","水","営業日",""
"2027-07-01","木","営業日",""
"2027-07-02","金","営業日",""
"2027-07-03","土","休日",""
"2027-07-04","日","休日",""
"2027-07-05","月","営業日",""
"2027-07-06","火","営業日",""
"2027-07-07","水","営業日",""
"2027-07-08","木","営業日",""
"2027-07-09","金","営業日",""
"2027-07-10","土","休日",""
"2027-07-11","日","休日",""
"2027-07-12","月","営業日",""
"2027-07-13","火","営業日",""
"2027-07-14","水","営業日",""
"2027-07-15","木","営業日",""
"2027-07-16","金","営業日",""
"2027-07-17","土","休日",""
"2027-07-18","日","休日",""
"2027-07-19","月","休日","海の日"
"2027-07-20","火","営業日",""
"2027-07-21","水","営業日",""
"2027-07-22","木","営業日",""
"2027-07-23","金","営業日",""
"2027-07-24","土","休日",""
"2027-07-25","日","休日",""
"2027-07-26","月","営業日",""
"2027-07-27","火","営業日",""
"2027-07-28","水","営業日",""
"2027-07-29","木","営業日",""
"2027-07-30","金","営業日",""
"2027-07-31","土","休日",""
"2027-08-01","日","休日",""
"2027-08-02","月","営業日",""
"2027-08-03","火","営業日",""
"2027-08-04","水","営業日",""
"2027-08-05","木","営業日",""
"2027-08-06","金","営業日",""
"2027-08-07","土","休日",""
"2027-08-08","日","休日",""
"2027-08-09","月","営業日",""
"2027-08-10","火","営業日",""
"2027-08-11","水","休日","山の日"
"2027-08-12","木","営業日",""
"2027-08-13","金","営業日",""
"2027-08-14","土","休日",""
"2027-08-15","日","休日",""
"2027-08-16","月","営業日",""
"2027-08-17","火","営業日",""
"2027-08-18","水","営業日",""
"2027-08-19","木","営業日",""
"2027-08-20","金","営業日",""
"2027-08-21","土","休日",""
"2027-08-22","日","休日",""
"2027-08-23","月","営業日",""
"2027-08-24","火","営業日",""
"2027-08-25","水","営業日",""
"2027-08-26","木","営業日",""
"2027-08-27","金","営業日",""
"2027-08-28","土","休日",""
"2027-08-29","日","休日",""
"2027-08-30","月","営業日",""
"2027-08-31","火","営業日",""
"2027-09-01","水","営業日",""
"2027-09-02","木","営業日",""
"2027-09-03","金","営業日",""
"2027-09-04","土","休日",""
"2027-09-05","日","休日",""
"2027-09-06","月","営業日",""
"2027-09-07","火","営業日",""
"2027-09-08","水","営業日",""
"2027-09-09","木","営業日",""
"2027-09-10","金","営業日",""
"2027-09-11","土","休日",""
"2027-09-12","日","休日",""
"2027-09-13","月","営業日",""
"2027-09-14","火","営業日",""
"2027-09-15","水","営業日",""
"2027-09-16","木","営業日",""
"2027-09-17","金","営業日",""
"2027-09-18","土","休日",""
"2027-09-19","日","休日",""
"2027-09-20","月","休日","敬老の日"
"2027-09-21","火","営業日",""
"2027-09-22","水","営業日",""
"2027-09-23","木","休日","秋分の日"
"2027-09-24","金","営業日",""
"2027-09-25","土","休日",""
"2027-09-26","日","休日",""
"2027-09-27","月","営業日",""
"2027-09-28","火","営業日",""
"2027-09-29","水","営業日",""
"2027-09-30","木","営業日",""
"2027-10-01","金","営業日",""
"2027-10-02","土","休日",""
"2027-10-03","日","休日",""
"2027-10-04","月","営業日",""
"2027-10-05","火","営業日",""
"2027-10-06","水","営業日",""
"2027-10-07","木","営業日",""
"2027-10-08","金","営業日",""
"2027-10-09","土","休日",""
"2027-10-10","日","休日",""
"2027-10-11","月","休日","スポーツの日"
"2027-10-12","火","営業日",""
"2027-10-13","水","営業日",""
"2027-10-14","木","営業日",""
"2027-10-15","金","営業日",""
"2027-10-16","土","休日",""
"2027-10-17","日","休日",""
"2027-10-18","月","営業日",""
"2027-10-19","火","営業日",""
"2027-10-20","水","営業日",""
"2027-10-21","木","営業日",""
"2027-10-22","金","営業日",""
"2027-10-23","土","休日",""
"2027-10-24","日","休日",""
"2027-10-25","月","営業日",""
"2027-10-26","火","営業日",""
"2027-10-27","水","営業日",""
"2027-10-28","木","営業日",""
"2027-10-29","金","営業日",""
"2027-10-30","土","休日",""
"2027-10-31","日","休日",""
"2027-11-01","月","営業日",""
"2027-11-02","火","営業日",""
"2027-11-03","水","休日","文化の日"
"2027-11-04","木","営業日",""
"2027-11-05","金","営業日",""
"2027-11-06","土","休日",""
"2027-11-07","日","休日",""
"2027-11-08","月","営業日",""
"2027-11-09","火","営業日",""
"2027-11-10","水","営業日",""
"2027-11-11","木","営業日",""
"2027-11-12","金","営業日",""
"2027-11-13","土","休日",""
"2027-11-14","日","休日",""
"2027-11-15","月","営業日",""
"2027-11-16","火","営業日",""
"2027-11-17","水","営業日",""
"2027-11-18","木","営業日",""
"2027-11-19","金","営業日",""
"2027-11-20","土","休日",""
"2027-11-21","日","休日",""
"2027-11-22","月","営業日",""
"2027-11-23","火","休日","勤労感謝の日"
"2027-11-24","水","営業日",""
"2027-11-25","木","営業日",""
"2027-11-26","金","営業日",""
"2027-11-27","土","休日",""
"2027-11-28","日","休日",""
"2027-11-29","月","営業日",""
"2027-11-30","火","営業日",""
"2027-12-01","水","営業日",""
"2027-12-02","木","営業日",""
"2027-12-03","金","営業日",""
"2027-12-04","土","休日",""
"2027-12-05","日","休日",""
"2027-12-06","月","営業日",""
"2027-12-07","火","営業日",""
"2027-12-08","水","営業日",""
"2027-12-09","木","営業日",""
"2027-12-10","金","営業日",""
"2027-12-11","土","休日",""
"2027-12-12","日","休日",""
"2027-12-13","月","営業日",""
"2027-12-14","火","営業日",""
"2027-12-15","水","営業日",""
"2027-12-16","木","営業日",""
"2027-12-17","金","営業日",""
"2027-12-18","土","休日",""
"2027-12-19","日","休日",""
"2027-12-20","月","営業日",""
"2027-12-21","火","営業日",""
"2027-12-22","水","営業日",""
"2027-12-23","木","営業日",""
"2027-12-24","金","営業日",""
"2027-12-25","土","休日",""
"2027-12-26","日","休日",""
"2027-12-27","月","営業日",""
"2027-12-28","火","営業日",""
"2027-12-29","水","営業日",""
"2027-12-30","木","営業日",""
"2027-12-31","金","営業日",""