Keyword,Intent,Volume,Keyword Difficulty,CPC (JPY)
税金 計算,Informational,22200,44,87.82
退職 金 税金 計算,Informational,9900,41,8.13
年金 税金 計算 シュミレーション,Informational,4400,37,110.59
個人 年金 税金 計算 シュミレーション,Informational,3600,21,14.64
ボーナス 税金 計算,Informational,2900,28,0.00
退職 金 税金 計算 シミュレーション,Informational,2900,33,14.64
個人 事業 主 税金 計算,Informational,2400,38,256.96
仮想 通貨 税金 計算,Informational,1900,45,203.29
株 税金 計算,Informational,1900,25,37.41
競馬 税金 計算,Informational,1900,72,0.00
退職金 税金 計算 シュミレーション,,1900,,13.01
税金 計算 シュミレーション,Informational,1600,33,188.66
給料 税金 計算,Informational,1600,37,73.19
一時 所得 税金 計算,Informational,1300,36,26.02
不動産 売却 税金 計算,Informational,1300,25,42.29
年収 税金 計算,Informational,1300,45,30.90
税金 計算 年収,Informational,1300,32,0.00
競馬 税金計算 シミュレーション,Informational,1300,62,0.00
退職 所得 税金 計算,Informational,1300,37,6.51
ビット コイン 税金 計算,Informational,1000,34,56.92
確定 申告 税金 の 計算,Informational,1000,41,312.26
確定 申告 税金 計算,Informational,1000,43,312.26
税金 計算 方法,Informational,1000,47,69.93
賞与 税金 計算,Informational,880,27,105.71
利息 税金 計算,Informational,720,25,0.00
副業 税金 計算,Informational,720,28,60.17
fx 税金 計算,Informational,590,15,190.28
不動産売却 税金 計算ツール,Informational,590,21,78.06
確定 申告 第 三 表 税金 の 計算,Informational,590,24,208.17
給与 税金 計算,Informational,590,35,198.41
金 売却 税金 計算,Informational,590,26,460.26
金 税金 計算,Informational,590,24,313.89
雑 所得 税金 計算 ツール,Informational,590,25,200.04
不動産 売却 税金 計算 シュミレーション,Informational,480,19,99.21
公 的 年金 税金 計算 シュミレーション,Informational,480,38,0.00
普通 預金 利息 税金 計算,Informational,480,20,0.00
株 売却 税金 計算,Informational,480,19,24.40
海外 fx 税金 計算 シミュレーション,Informational,480,11,513.93
税金 の 計算 方法,Informational,480,36,30.90
配当 金 税金 計算,Informational,480,30,0.00
fx 税金 計算 シミュレーション,Informational,390,14,286.24
フリー ランス 税金 計算,Informational,390,29,69.93
企業 年金 税金 計算 シュミレーション,Informational,390,22,0.00
年金 税金 計算,Informational,390,20,4.88
ideco 税金 計算,Informational,320,41,26.02
株 売却 益 税金 計算 方法,Informational,320,21,1.63
確定 申告 第 3 表 税金 の 計算,Informational,320,21,0.00
税金 年収 計算,Informational,320,37,0.00
雑 所得 税金 計算,Informational,320,33,118.72
アルバイト 税金 計算,Informational,260,26,14.64
仮想 通貨 税金 計算 ツール,Informational,260,26,354.54
受取 利息 税金 計算,Informational,260,23,0.00
土地 売却 税金 計算,Informational,260,23,24.40
暗号 資産 税金 計算,Informational,260,34,136.61
海外 fx 税金 計算,Informational,260,11,897.74
税金 計算 電卓,Informational,260,38,0.00
退職 金 の 税金 計算,Informational,260,31,6.51
ギャンブル 税金 計算,Informational,210,70,0.00
収入 税金 計算,Informational,210,46,0.00
株式 税金 計算,Informational,210,21,43.91
生前 贈与 税金 計算,Informational,210,23,4.88
確定 拠出 年金 税金 計算,Informational,210,14,0.00
馬券 税金 計算,Informational,210,63,0.00
バイト 税金 計算,Informational,170,33,0.00
パート 税金 計算,Informational,170,30,0.00
フリーター 税金 計算,Informational,170,13,0.00
一般 財形 貯蓄 税金 計算,Informational,170,23,0.00
個人 年金 一括 受取 税金 計算,Informational,170,11,9.76
年金 税金 計算 エクセル,Informational,170,19,0.00
株 税金 計算 特定 口座,Informational,170,25,0.00
社会 人 2 年 目 税金 計算,Informational,170,36,0.00
税金 給料 差し押さえ 計算,Informational,170,20,0.00
給与 所得 税金 計算,Informational,170,35,0.00
退職 金 の 税金 の 計算 方法,Informational,170,36,6.51
退職 金 の 税金 計算 方法,Informational,170,33,6.51
退職 金 税金 計算 方法,Informational,170,35,6.51
ボーナス 税金 計算 方法,Informational,140,25,0.00
仮想 通貨 税金 計算 アプリ,Informational,140,24,309.01
仮想 通貨 税金 計算 方法,Informational,140,37,170.77
個人 年金 の 税金 計算,Informational,140,20,11.38
個人 年金 税金 計算,Informational,140,20,11.38
所得税 税金 計算,Informational,140,37,13.01
為替 差益 税金 計算 方法,Informational,140,29,0.00
確定 拠出 年金 一時 金 税金 計算,Informational,140,11,0.00
税金 8 計算,Informational,140,32,0.00
税金 延滞 金 計算,Informational,140,28,0.00
税金 所得税 計算,Informational,140,41,21.14
税金 計算 アプリ,Informational,140,38,161.01
税金 計算 ツール,Informational,140,40,269.97
税金 計算 個人 事業 主,Informational,140,35,148.00
競馬 税金 計算 方法,Informational,140,62,0.00
給料 から 引 かれる 税金 計算,Informational,140,35,0.00
自 営業 税金 計算,Informational,140,36,74.81
賞与 税金 計算 方法,Informational,140,26,0.00
預金 利息 税金 計算,Informational,140,24,0.00
預金 利息 計算 税金,Informational,140,25,0.00
ideco 受け取り 税金 計算,Informational,110,27,13.01
エクセル 税金 計算,Informational,110,20,0.00
ダブル ワーク 税金 計算,Informational,110,23,1.63
不動産 売買 税金 計算,Informational,110,21,27.65
不動産 税金 計算,Informational,110,20,131.73
中退 共 退職 金 税金 計算,Informational,110,30,61.80
定期 預金 利息 税金 計算,Informational,110,32,0.00
定期 預金 税金 計算,Informational,110,29,0.00
家 売却 税金 計算,Informational,110,21,92.70
役員 退職 金 税金 計算,Informational,110,22,0.00
所得 税金 計算,Informational,110,43,66.68
月収 税金 計算,Informational,110,37,0.00
税金 計算 給与,Informational,110,31,0.00
車 税金 計算,Informational,110,27,55.30
配当 税金 計算,Informational,110,25,0.00
マンション 売却 税金 計算,Informational,90,19,115.47
仮想 通貨 税金 サラリーマン 計算,Informational,90,25,143.12
保険 満期 税金 計算,Informational,90,22,0.00
副業 アルバイト 税金 計算,Informational,90,30,32.53
土地 売買 税金 計算,Informational,90,10,9.76
投資 信託 税金 計算,Informational,90,17,0.00
投資 信託 税金 計算 方法,Informational,90,15,0.00
株 利益 税金 計算,Informational,90,19,0.00
業務 委託 税金 計算,Informational,90,19,95.95
残業 代 税金 計算,Informational,90,12,0.00
退職 一時 金 税金 計算,Informational,90,26,6.51
退職 金 税金 計算 エクセル,Informational,90,15,0.00
銀行 利息 税金 計算,Informational,90,23,0.00
ガソリン 税金 計算,Informational,70,19,0.00
バイナリー オプション 税金 計算,Informational,70,20,0.00
不動産 売却 益 税金 計算,Informational,70,21,42.29
売上 税金 計算,Informational,70,38,195.16
定期 預金 税金 かからない 計算,Informational,70,24,0.00
投資 税金 計算,Informational,70,19,0.00
株 配当 金 税金 計算,Informational,70,27,0.00
確定 申告 の 税金 の 計算,Informational,70,38,0.00
税金 の 計算 確定 申告,Informational,70,39,0.00
税金 計算 月,Informational,70,33,0.00
純金 積立 税金 計算,Informational,70,17,0.00
解約 返戻 金 税金 計算,Informational,70,18,0.00
仮想 通貨 税金 計算 サイト,,50,,0.00
個人 事業 主 税金 計算 シミュレーション,Informational,50,19,313.89
税金 計算 エクセル,,50,,0.00
競艇 税金 計算,,50,,0.00
給料 計算 税金,Informational,50,26,107.34
譲渡 所得 税金 計算,,50,,0.00
青色 申告 税金 計算,Informational,50,33,396.83
401k 税金 計算,,40,,0.00
コイン チェック 税金 計算,,40,,0.00
マンション 売却 税金 計算 方法,,40,,0.00
一時 金 税金 計算,,40,,0.00
仮想 通貨 税金 自動 計算,,40,,0.00
公 的 年金 の 税金 計算,,40,,0.00
株式 税金 計算 方法,,40,,0.00
申告 税金 の 計算,,40,,0.00
確定 申告 納める 税金 計算,,40,,0.00
税金 計算 所得税 住民 税,,40,,0.00
請求 書 税金 計算,,40,,315.51
賞与 税金 計算 シュミレーション,,40,,0.00
20 税金 計算,,30,,0.00
excel 税金 計算,,30,,0.00
freee 税金 計算,,30,,0.00
fx 利益 税金 計算,,30,,0.00
fx 税金 計算 海外,,30,,0.00
win5 税金 計算,,30,,0.00
アパート 売却 税金 計算,,30,,172.39
アフィリエイト 税金 計算,,30,,0.00
カジノ 税金 計算,,30,,0.00
タイ 税金 計算,,30,,0.00
バイト 税金 計算 方法,,30,,0.00
パート の 税金 計算,,30,,0.00
パート 税金 計算 方法,,30,,0.00
パート 給料 計算 税金,,30,,0.00
ボーナス の 税金 計算,,30,,0.00
マンション 購入 税金 計算,,30,,0.00
一時 所得 税金 計算 方法,,30,,0.00
中古 車 税金 計算,,30,,0.00
仮想 通貨 fx 税金 計算,,30,,91.08
仮想 通貨 税金 計算 エクセル,,30,,0.00
企業 年金 の 税金 計算,,30,,0.00
企業 年金 税金 計算,,30,,0.00
住民 税 税金 計算,,30,,0.00
個人 事業 主 青色 申告 税金 計算,,30,,0.00
個人 年金 保険 税金 計算,,30,,6.51
共働き 税金 計算,,30,,0.00
初任 給 税金 計算,,30,,0.00
収入 税金 計算 方法,,30,,0.00
売却 税金 計算,,30,,0.00
失業 保険 計算 税金,,30,,0.00
学資 保険 税金 計算,,30,,0.00
家賃 税金 計算,,30,,0.00
年収 税金 計算 シミュレーション,,30,,0.00
年末 調整 税金 計算,,30,,0.00
年金 の 税金 の 計算,,30,,0.00
年金 受給 者 税金 計算,,30,,1.63
年金 税金 計算 方法,,30,,0.00
所得 金額 税金 計算,,30,,0.00
所得税 金額 計算,,30,,0.00
扶養 控除 税金 計算,,30,,0.00
投信 解約 税金 計算,,30,,0.00
新卒 税金 計算,,30,,0.00
日雇い 税金 計算,,30,,0.00
株 税金 手数料 計算,,30,,0.00
株式 譲渡 税金 計算,,30,,0.00
横浜 市 税金 計算,,30,,0.00
法人 の 税金 計算,,30,,0.00
消費 税 税金 計算,,30,,0.00
満期 保険 金 税金 計算,,30,,0.00
生前 贈与 土地 税金 計算,,30,,0.00
白色 申告 税金 計算,,30,,0.00
白色 税金 計算,,30,,0.00
確定 拠出 年金 税金 控除 計算,,30,,0.00
確定 申告 書 税金 の 計算,,30,,0.00
福岡 市 税金 計算,,30,,0.00
税金 8 パーセント 計算,,30,,0.00
税金 保険 計算,,30,,0.00
税金 期間 計算,,30,,0.00
税金 計算 仮想 通貨,,30,,148.00
税金 計算 何 月,,30,,0.00
税金 計算 切り捨て,,30,,0.00
税金 計算 相談,,30,,227.69
税金 計算 雑 所得,,30,,0.00
立ち退き 料 税金 計算,,30,,0.00
第 三 表 税金 の 計算,,30,,0.00
転売 税金 計算,,30,,0.00
退職 年金 税金 計算,,30,,0.00
退職 後 税金 計算,,30,,0.00
退職 手当 税金 計算,,30,,0.00
退職 金 の 税金 の 計算,,30,,8.13
退職 金 計算 税金,,30,,4.88
遺産 税金 計算,,30,,47.16
銀行 利息 計算 税金,,30,,0.00
雑 収入 税金 計算,,30,,0.00
雑 所得 税金 計算 式,,30,,0.00
韓国 税金 計算 書,,30,,0.00
103 万 税金 計算,,20,,0.00
bitflyer 税金 計算,,20,,0.00
fx 利益 計算 税金,,20,,0.00
fx 海外 税金 計算,,20,,0.00
fx 税金 計算 ツール,,20,,0.00
fx 税金 計算 方法,,20,,0.00
xm 税金 計算,,20,,0.00
せどり 税金 計算,,20,,0.00
ふるさと 納税 税金 控除 計算,,20,,19.52
ふるさと 納税 税金 計算 方法,,20,,0.00
アパート 税金 計算,,20,,0.00
アメリカ 税金 計算,,20,,0.00
アルバイト 税金 計算 月,,20,,0.00
アルバイト 給料 税金 計算,,20,,0.00
オンライン カジノ 税金 計算,,20,,0.00
オークション 税金 計算,,20,,0.00
サラリーマン の 税金 計算,,20,,0.00
サラリーマン 副業 税金 計算,,20,,0.00
サラリーマン 税金 計算,,20,,0.00
シンガポール 税金 計算,,20,,0.00
ストック オプション 税金 計算,,20,,0.00
テレボート 税金 計算,,20,,0.00
デイ トレード 税金 計算,,20,,0.00
トラック 税金 計算,,20,,0.00
ドイツ 税金 計算,,20,,0.00
ハイロー オーストラリア 税金 計算,,20,,0.00
ハワイ ホテル 税金 計算,,20,,0.00
ハワイ 税金 計算,,20,,0.00
バイト 給料 税金 計算,,20,,0.00
バイナンス 税金 計算,,20,,0.00
パート 収入 税金 計算,,20,,0.00
パート 年収 税金 計算,,20,,0.00
ビット コイン 税金 計算 方法,,20,,115.47
ブック メーカー 税金 計算,,20,,0.00
ホテル 税金 サービス 料 計算,,20,,0.00
ボーナス 税金 手取り 計算,,20,,0.00
マンション 税金 計算,,20,,0.00
メルカリ 税金 計算,,20,,0.00
ヤフオク 税金 計算,,20,,0.00
一人 親方 税金 計算,,20,,0.00
一軒家 税金 計算,,20,,0.00
不労 所得 税金 計算,,20,,0.00
不動産 収入 税金 計算,,20,,0.00
不動産 売却 税金 計算 例,,20,,0.00
不動産 売却 税金 計算 方法,,20,,73.19
不動産 所得 税金 計算,,20,,0.00
不動産 賃貸 税金 計算,,20,,0.00
世帯 年収 税金 計算,,20,,0.00
中小 企業 税金 計算,,20,,0.00
主婦 パート 税金 計算,,20,,0.00
事業 主 税金 計算,,20,,16.26
事業 所得 税金 計算,,20,,0.00
交通 費 税金 計算,,20,,0.00
仮想 通貨 の 税金 計算,,20,,56.92
仮想 通貨 海外 取引 所 税金 計算,,20,,0.00
仮想 通貨 税金 利益 計算,,20,,0.00
仮想 通貨 税金 計算 例,,20,,0.00
仮想 通貨 税金 計算 国税庁,,20,,0.00
仮想 通貨 税金 計算 無料,,20,,0.00
仮想 通貨 計算 税金,,20,,0.00
企業 税金 計算,,20,,0.00
会社 員 税金 計算,,20,,0.00
会社 税金 計算,,20,,169.14
住宅 売却 税金 計算,,20,,56.92
住宅 手当 税金 計算,,20,,0.00
保険 税金 控除 計算,,20,,0.00
保険 解約 税金 計算,,20,,0.00
保険 金 税金 計算,,20,,0.00
個人 事業 主 の かんたん 税金 計算 シミュレーション,,20,,0.00
個人 事業 主 の 税金 計算,,20,,43.91
個人 事業 主 確定 申告 税金 計算,,20,,0.00
個人 事業 税金 計算,,20,,0.00
個人 税金 計算,,20,,0.00
個人 輸入 税金 計算,,20,,0.00
先物 取引 税金 の 計算,,20,,0.00
公 的 年金 税金 計算,,20,,0.00
公 的 年金 税金 計算 方法,,20,,0.00
出資 配当 金 税金 計算,,20,,0.00
分配 金 税金 計算,,20,,0.00
分離 課税 税金 の 計算,,20,,0.00
利益 税金 計算,,20,,0.00
副 収入 税金 計算,,20,,0.00
副業 の 税金 計算,,20,,0.00
副業 確定 申告 税金 計算,,20,,0.00
勤労 学生 控除 親 の 税金 計算,,20,,0.00
医療 費 控除 税金 の 計算,,20,,0.00
印税 税金 計算,,20,,0.00
厚生 年金 税金 計算,,20,,0.00
四半期 税金 計算,,20,,0.00
国保 税金 計算,,20,,0.00
国税庁 税金 計算,,20,,0.00
土地 の 税金 計算,,20,,45.54
土地 税金 計算,,20,,0.00
土地 税金 計算 方法,,20,,0.00
在庫 税金 計算,,20,,0.00
報酬 税金 計算,,20,,0.00
外貨 税金 計算,,20,,0.00
外貨 預金 利息 税金 計算,,20,,0.00
外貨 預金 税金 計算,,20,,0.00
夫婦 税金 計算,,20,,0.00
宅地 税金 計算,,20,,0.00
定年 退職 後 の 税金 計算,,20,,0.00
家 税金 計算,,20,,0.00
家賃 収入 税金 計算,,20,,0.00
川崎 市 税金 計算,,20,,0.00
市 県民 税 金額 計算,,20,,0.00
市民 税 金額 計算,,20,,0.00
年収 500 万 税金 計算,,20,,0.00
年収 と 税金 計算,,20,,0.00
年収 別 税金 計算,,20,,0.00
年収 税金 手取り 計算,,20,,0.00
年金 から 引 かれる 税金 計算,,20,,0.00
年金 の 税金 計算,,20,,3.25
年金 税金 計算 例,,20,,0.00
年金 給与 税金 計算,,20,,0.00
廃車 税金 還付 計算,,20,,0.00
建物 税金 計算,,20,,0.00
引 かれる 税金 計算,,20,,0.00
役員 報酬 税金 計算,,20,,0.00
慰労 金 税金 計算,,20,,0.00
所得 金額 税金 の 計算,,20,,0.00
所得税 税金 の 計算,,20,,0.00
所得税 金 計算,,20,,0.00
所得税 金額 計算 方法,,20,,0.00
手取り 税金 計算,,20,,0.00
手当 税金 計算,,20,,0.00
扶養 内 税金 計算,,20,,0.00
扶養 家族 税金 計算,,20,,0.00
投信 税金 計算,,20,,0.00
投資 信託 売却 税金 計算,,20,,0.00
投資 信託 解約 税金 計算,,20,,0.00
持ち家 税金 計算,,20,,0.00
控除 税金 計算,,20,,0.00
新築 税金 計算,,20,,0.00
日 払い 税金 計算,,20,,0.00
日本 税金 計算,,20,,0.00
普通 預金 利息 税金 計算 方法,,20,,0.00
普通 預金 税金 計算,,20,,0.00
暗号 通貨 税金 計算,,20,,78.06
月給 税金 計算,,20,,0.00
札幌 市 税金 計算,,20,,0.00
来年 税金 計算,,20,,0.00
株 の 税金 計算,,20,,48.79
株 売却 益 税金 計算,,20,,0.00
株 売却 税金 計算 方法,,20,,0.00
株 売買 税金 計算,,20,,0.00
株 手数料 税金 計算,,20,,0.00
株 税金 計算 方法,,20,,0.00
株 税金 計算 期間,,20,,0.00
株主 優待 税金 計算,,20,,0.00
株式 会社 税金 計算,,20,,0.00
株式 配当 税金 計算,,20,,0.00
正社員 税金 計算,,20,,0.00
死亡 保険 金 税金 計算,,20,,0.00
残業 税金 計算,,20,,0.00
母子 家庭 税金 計算,,20,,0.00
法人 利益 税金 計算,,20,,0.00
法人 売上 税金 計算,,20,,0.00
派遣 社員 税金 計算,,20,,0.00
派遣 税金 計算,,20,,0.00
海外 fx 税金 計算 ツール,,20,,0.00
源泉 徴収 票 税金 計算,,20,,0.00
為替 税金 計算,,20,,0.00
無職 税金 計算,,20,,0.00
生命 保険 税金 控除 計算,,20,,0.00
生命 保険 税金 計算,,20,,0.00
相続 不動産 売却 税金 計算,,20,,69.93
相続 土地 売却 税金 計算,,20,,56.92
確定 申告 税金 の 計算 27,,20,,0.00
確定 申告 税金 の 計算 方法,,20,,0.00
確定 申告 税金 計算 副業,,20,,0.00
確定 申告 税金 還付 計算,,20,,0.00
社会 人 税金 計算,,20,,0.00
社会 保険 料 税金 計算,,20,,0.00
社会 保険 税金 計算,,20,,0.00
社員 税金 計算,,20,,0.00
税 金額 計算,,20,,0.00
税金 の 計算 仕方,,20,,0.00
税金 の 計算 式,,20,,0.00
税金 の 計算 所得税,,20,,0.00
税金 サービス 料 計算,,20,,0.00
税金 バイト 計算,,20,,0.00
税金 ボーナス 計算,,20,,0.00
税金 住民 税 計算,,20,,0.00
税金 保険 料 計算,,20,,0.00
税金 副業 計算,,20,,0.00
税金 収入 計算,,20,,0.00
税金 年金 計算,,20,,0.00
税金 年間 計算,,20,,0.00
税金 所得 計算,,20,,0.00
税金 手取り 計算,,20,,0.00
税金 控除 計算,,20,,0.00
税金 月収 計算,,20,,0.00
税金 消費 税 計算,,20,,0.00
税金 社会 保険 料 計算,,20,,0.00
税金 簡単 計算,,20,,0.00
税金 簡易 計算,,20,,0.00
税金 給料 計算,,20,,92.70
税金 自動 計算,,20,,0.00
税金 計算 10 パーセント,,20,,0.00
税金 計算 4 月 5 月 6 月,,20,,0.00
税金 計算 8,,20,,0.00
税金 計算 ふるさと 納税,,20,,24.40
税金 計算 サイト,,20,,0.00
税金 計算 サラリーマン,,20,,0.00
税金 計算 ボーナス,,20,,0.00
税金 計算 仕方,,20,,0.00
税金 計算 住民 税,,20,,0.00
税金 計算 個人,,20,,0.00
税金 計算 個人 事業,,20,,0.00
税金 計算 副業,,20,,0.00
税金 計算 四捨五入,,20,,0.00
税金 計算 年金,,20,,0.00
税金 計算 所得,,20,,0.00
税金 計算 所得税,,20,,0.00
税金 計算 所得税 シュミレーション,,20,,0.00
税金 計算 手取り,,20,,0.00
税金 計算 控除,,20,,0.00
税金 計算 書,,20,,0.00
税金 計算 月収,,20,,0.00
税金 計算 期間,,20,,0.00
税金 計算 法人,,20,,0.00
税金 計算 消費 税,,20,,0.00
税金 計算 源泉 徴収,,20,,0.00
税金 計算 確定 申告,,20,,0.00
税金 計算 給与 所得,,20,,0.00
税金 計算 給料,,20,,0.00
税金 計算 自 営業,,20,,0.00
税金 計算 自動,,20,,0.00
税金 計算 英語,,20,,0.00
税金 還付 計算,,20,,0.00
競馬 税金 計算 年間,,20,,0.00
競馬 税金 計算 式,,20,,0.00
米国 株 税金 計算,,20,,0.00
納める 税金 計算,,20,,0.00
経理 税金 計算,,20,,0.00
経費 税金 計算,,20,,0.00
結婚 税金 計算,,20,,0.00
給与 所得 者 税金 計算,,20,,0.00
給与 明細 税金 計算,,20,,0.00
給与 税金 計算 シュミレーション,,20,,0.00
給与 税金 計算 方法,,20,,0.00
給料 の 税金 計算,,20,,39.03
給料 天引き 税金 計算,,20,,0.00
給料 明細 税金 計算,,20,,0.00
給料 税金 計算 バイト,,20,,0.00
給料 税金 計算 パート,,20,,0.00
給料 税金 計算 方法,,20,,0.00
給料 税金 計算 月,,20,,0.00
翌年 の 税金 計算,,20,,0.00
翌年 税金 計算,,20,,0.00
老後 税金 計算,,20,,0.00
臨時 収入 税金 計算,,20,,0.00
自動車 税金 計算,,20,,0.00
自宅 売却 税金 計算,,20,,87.82
課税 所得 税金 計算,,20,,0.00
貯金 税金 計算,,20,,0.00
買い物 税金 計算,,20,,0.00
賞与 の 税金 計算,,20,,4.88
賞与 税金 計算 式,,20,,0.00
賞与 計算 税金,,20,,0.00
賞金 税金 計算,,20,,0.00
起業 税金 計算,,20,,0.00
車 税金 計算 ツール,,20,,0.00
車検 税金 計算,,20,,40.66
転職 税金 計算,,20,,0.00
軽 自動車 税金 計算,,20,,0.00
輸入 税金 計算,,20,,0.00
農業 税金 計算,,20,,0.00
退職 後 の 税金 計算,,20,,0.00
退職 慰労 金 税金 計算,,20,,0.00
退職 所得 の 税金 計算,,20,,0.00
退職 所得税 金 計算,,20,,0.00
退職 翌年 税金 計算,,20,,0.00
退職 金 に かかる 税金 の 計算,,20,,3.25
退職 金 年金 税金 計算,,20,,0.00
退職 金 税金 計算 住民 税,,20,,0.00
退職 金 税金 計算 式,,20,,0.00
遺贈 税金 計算,,20,,42.29
還付 され る 税金 計算,,20,,0.00
配偶 者 控除 税金 計算,,20,,0.00
配当 金 の 税金 計算,,20,,0.00
配当 金 税金 自動 計算,,20,,0.00
金利 税金 計算,,20,,0.00
雑 所得 の 税金 計算,,20,,0.00
雑 所得 税金 計算 方法,,20,,0.00
雑 所得税 金 計算,,20,,0.00
青色 申告 税金 の 計算,,20,,0.00
預金 利息 税金 計算 方法,,20,,0.00
預金 税金 計算,,20,,0.00
預金 金利 税金 計算,,20,,0.00
香港 税金 計算,,20,,0.00
駐 車場 税金 計算,,20,,0.00
黒い 砂漠 取引 所 税金 計算,,20,,0.00
黒い 砂漠 税金 計算,,20,,0.00
bitcoin 税金 計算,,10,,0.00
fx 確定 申告 税金 計算,,10,,0.00
ideco 税金 控除 計算,,10,,27.65
nisa 税金 計算,,10,,0.00
ふるさと 納税 税金 計算,,10,,24.40
アルバイト 税金 計算 方法,,10,,0.00
インセンティブ 税金 計算,,10,,0.00
キャピタル ゲイン 税金 計算,,10,,0.00
ビット フライヤー 税金 計算,,10,,0.00
ビット ポイント 税金 計算,,10,,0.00
ボーナス 税金 計算 シュミレーション,,10,,0.00
ボーナス 税金 計算 式,,10,,0.00
マイニング 税金 計算,,10,,0.00
一戸建て 税金 計算,,10,,0.00
一時 所得 税金 計算 式,,10,,0.00
不動産 投資 税金 計算,,10,,0.00
今 の 税金 計算,,10,,0.00
仮想 通貨 マイニング 税金 計算,,10,,0.00
仮想 通貨 税金 計算 サラリーマン,,10,,0.00
仮想 通貨 税金 計算 サービス,,10,,0.00
住宅 ローン 税金 控除 計算,,10,,0.00
個人 税金 計算 方法,,10,,0.00
個人 経営 税金 計算,,10,,0.00
利息 税金 計算 方法,,10,,0.00
利息 計算 税金,,10,,0.00
副業 バイト 税金 計算,,10,,0.00
副業 税金 計算 方法,,10,,0.00
合同 会社 税金 計算,,10,,0.00
土地 購入 税金 計算,,10,,0.00
太陽 光 税金 計算,,10,,0.00
契約 社員 税金 計算,,10,,0.00
学生 税金 計算,,10,,0.00
定期 利息 税金 計算,,10,,0.00
定期 預金 金利 税金 計算,,10,,0.00
年俸 税金 計算,,10,,0.00
年収 計算 税金,,10,,0.00
年金 所得 税金 計算,,10,,0.00
年金 生活 者 税金 計算,,10,,0.00
年間 税金 計算,,10,,0.00
当たる ん です 税金 計算,,10,,0.00
役員 退職 金 税金 計算 方法,,10,,0.00
扶養 外れる 税金 計算,,10,,0.00
扶養 税金 計算,,10,,0.00
本 税金 計算,,10,,0.00
株 取引 税金 計算,,10,,0.00
決算 税金 計算,,10,,0.00
減価 償却 税金 計算,,10,,0.00
確定 申告 税金 の 計算 マイナス,,10,,0.00
確定 申告 税金 計算 方法,,10,,0.00
税金 の 計算 第 三 表,,10,,0.00
税金 パート 計算,,10,,0.00
税金 個人 事業 主 計算,,10,,73.19
税金 控除 計算 方法,,10,,0.00
税金 控除 額 計算,,10,,0.00
税金 確定 申告 計算,,10,,0.00
税金 経費 計算,,10,,0.00
税金 計算 8 パーセント,,10,,0.00
税金 計算 フリー ランス,,10,,0.00
税金 車 計算,,10,,0.00
給料 税金 計算 アルバイト,,10,,0.00
謝礼 税金 計算,,10,,0.00
退職 所得 税金 自動 計算,,10,,0.00
退職 税金 計算,,10,,0.00
退職 金 税金 の 計算,,10,,0.00
退職 金 税金 自動 計算,,10,,0.00
退職 金 税金 計算 サイト,,10,,0.00
銀行 受取 利息 税金 計算,,10,,0.00
韓国 税金 計算,,10,,0.00
飲食 店 税金 計算,,10,,0.00
養老 保険 満期 税金 計算,,10,,0.00
10 の税金の計算式,,0,,0.00
100万 年収が増えたことによる税金の変化 計算,,0,,0.00
103 万 税金 計算 学生,,0,,0.00
103万 税金 計算 学生,,0,,0.00
200万 逆算 税金 計算,,0,,0.00
3 000 000 税金計算,,0,,0.00
37000円 税金計算,,0,,0.00
3ナンバー税金計算,,0,,0.00
4 5 6月 税金 計算,,0,,0.00
4 5 6月 税金 計算 7月以降,,0,,0.00
401k 税金控除 計算,,0,,0.00
40歳 税金計算,,0,,0.00
4月から6月が税金の計算月,,0,,0.00
800000円 税金計算,,0,,0.00
bet365 税金 計算,,0,,0.00
binance 税金計算,,0,,0.00
bitbank 税金計算,,0,,0.00
bitcoin 税金 計算 損,,0,,0.00
bitcoin 税金 計算方法,,0,,0.00
bitcoin 計算 税金,,0,,0.00
bitflierからも仮想通貨の税金計算サービス,,0,,0.00
bitflyerからも仮想通貨の税金計算サービス,,0,,0.00
bitmex 税金 計算,,0,,0.00
bitmex 税金 計算 方法,,0,,0.00
bitocin 計算 税金,,0,,0.00
boatrace 税金 計算方法,,0,,0.00
btc 税金計算,,0,,0.00
btcfx 税金 計算,,0,,0.00
btc証拠金 税金計算,,0,,0.00
cfd 税金 計算,,0,,0.00
coinexchange 税金計算,,0,,0.00
coinpost 仮想通貨 税金の計算,,0,,0.00
dmmbitcoin 税金計算,,0,,0.00
elona 税金 計算,,0,,0.00
expansys 税金 計算,,0,,0.00
fcoin 税金計算,,0,,0.00
file users mami desktop 個人事業主のかんたん税金計算シミュレーション スモビバ webarchive,,0,,0.00
filemaker税込み 税金 計算,,0,,0.00
fp 税金 の 計算,,0,,0.00
fx スワップポイント 税金 計算 めんどくさい,,0,,0.00
fx 扶養 外れる 払う税金 計算方法,,0,,0.00
fx 損益計算 税金,,0,,0.00
fx 海外口座税金 計算,,0,,0.00
fx 為替 平均 税金計算,,0,,0.00
fx 税金 サラリーマン 計算,,0,,0.00
fx 税金 損益通算 計算,,0,,0.00
fx 税金 海外 計算,,0,,0.00
fx 税金 無職 計算,,0,,0.00
fx 税金 計算 2014,,0,,0.00
fx 税金 計算 sbi,,0,,0.00
fx 税金 計算 ttm,,0,,0.00
fx 税金 計算 ttm tts,,0,,0.00
fx 税金 計算 主婦,,0,,0.00
fx 税金 計算 法人,,0,,0.00
fx 税金 計算ツール,,0,,0.00
fx 証券会社 親切 税金計算,,0,,0.00
fx所得 税金計算,,0,,0.00
fx税金計算海外ツール,,0,,0.00
gmoコイン 税金 計算,,0,,0.00
ico 税金 計算,,0,,0.00
irr 計算 税金,,0,,0.00
line投資 税金 計算,,0,,0.00
meganto 送料と税金の計算 非表示,,0,,0.00
mfクラウド 税金の計算,,0,,0.00
npo 活動計算書 税金,,0,,0.00
npo 税金計算 税理士,,0,,0.00
npo法人の税金 計算,,0,,0.00
nttデータ 税金計算,,0,,0.00
office 税金計算,,0,,0.00
onnkaji 税金 計算,,0,,0.00
rails 税金 計算,,0,,0.00
rsu 税金計算,,0,,0.00
ruby 税金計算,,0,,0.00
sbi 株 税金 計算式,,0,,0.00
site https www.reds.co.jp マンション 売却 税金 計算,,0,,0.00
s税金計算,,0,,0.00
uber eats 副業 税金計算,,0,,0.00
xm 税金 計算方法,,0,,0.00
xm税金計算,,0,,0.00
youtuber 税金の計算,,0,,0.00
お酒 税金 計算,,0,,0.00
この土地を売買する際の評価額は1115万円と656万円どちらで考えればいいでしょうか税金は土地の評価額を元に計算されてしまうのでしょうか,,0,,0.00
ご注文の処理時に実際の税額が計算されます 税金は表示の金額と異なる場合があります,,0,,0.00
せどり 税金 計算 非課税,,0,,0.00
せどり 経費 税金 計算,,0,,0.00
ふるさと納税 税金計算詳細,,0,,0.00
みなし配当 税金 計算方法,,0,,0.00
やよい 税金計算,,0,,0.00
ゆうちょ法人口座 ネット収入 税金計算,,0,,0.00
ゆうちょ法人口座 税金計算,,0,,0.00
アマゾン 税金計算書,,0,,0.00
アメリカ 個人輸入 ジュエリー 税金 計算,,0,,0.00
アメリカ 個人輸入 税金 計算,,0,,0.00
アメリカ 税金 計算 式,,0,,0.00
アメリカ 税金の計算 大変,,0,,0.00
アメリカ株 税金計算,,0,,0.00
アメリカ株 配当 税金 損出し 計算,,0,,0.00
アルコール 税金 計算,,0,,0.00
アルトコイン 税金 計算方法,,0,,0.00
アルバイト 学生 税金 計算,,0,,0.00
アルバイト 税金 引かれる 計算,,0,,0.00
アルバイト 税金 自動計算,,0,,0.00
アルバイト 給与 税金 計算,,0,,0.00
アルバイト 給料 計算 税金,,0,,0.00
アーキ エイジ 税金 計算,,0,,0.00
アーキエイジ 税金 計算表,,0,,0.00
アービトラージ 税金計算は,,0,,0.00
イオン 税金の計算変わった,,0,,0.00
イギリス 税金 計算,,0,,0.00
イデコ 税金 計算 方法,,0,,0.00
エクセル 株の税金計算,,0,,0.00
エクセル 税金 循環 計算,,0,,0.00
エクセル 税金計算 法人,,0,,0.00
エクセル 税金計算 関数,,0,,0.00
エヌボックス カスタム税金計算書,,0,,0.00
エンジニア 税金 計算,,0,,0.00
オンラインカジノ 税金 計算,,0,,0.00
カジノ税金計算,,0,,0.00
カメラマン源泉税金計算,,0,,0.00
ガソリン代 計算 距離 税金,,0,,0.00
ガレージ 税金 計算,,0,,0.00
キャバクラ サービス料 税金 計算,,0,,0.00
キャバクラ 税金計算,,0,,0.00
キャピタルゲイン 税金 計算,,0,,0.00
ギャンブル 税金 計算方法,,0,,0.00
クラウド ファン ディング 税金 計算,,0,,0.00
クラウドファンディング 税金 計算,,0,,0.00
クラウドマイニング 税金計算,,0,,0.00
クリーンディーゼル ガソリン 税金 計算,,0,,0.00
コインチェック 税金 計算 アプリ,,0,,0.00
コインチェック 税金計算 サラリーマン,,0,,0.00
コイン相場 税金計算,,0,,0.00
サラリーマン fx 税金 計算,,0,,0.00
サラリーマン ビット コイン 税金 計算,,0,,0.00
サラリーマン 副業 外注 税金 計算,,0,,0.00
サラリーマン 税金 計算 エクセル,,0,,0.00
サラリーマン 税金 計算方法,,0,,0.00
サラリーマン 自営業 税金 計算,,0,,0.00
サラリーマンの税金計算してみたブログ,,0,,0.00
サラリーマンの臨時収入 80万円 税金 社会保険料 厚生年金保険料 計算,,0,,0.00
サラリーマンの雑所得 税金計算,,0,,0.00
シンガポール 税金計算 ジェトロ,,0,,0.00
シングルマザー 税金計算,,0,,0.00
スキャルピング 税金 計算,,0,,0.00
スワップポイント 税金 計算,,0,,0.00
スワップポイント 税金 計算 めんどくさい,,0,,0.00
スワップ投資 税金 計算 方法,,0,,0.00
ゼロクーポン債 税金 計算,,0,,0.00
ソーシャルレンディング 税金 計算 高精度,,0,,0.00
タイムバンク 税金計算,,0,,0.00
チップ 計算 税金,,0,,0.00
テイケイ 税金計算,,0,,0.00
デイトレード 税金 計算,,0,,0.00
ネットビジネス 税金 計算,,0,,0.00
ハワイ 税金 計算 アプリ,,0,,0.00
バイト 103万 税金 計算,,0,,0.00
バイト 掛け持ち 税金 計算,,0,,0.00
バイト 税金 月 計算,,0,,0.00
バイナンス 税金 計算 難しい,,0,,0.00
バイナンス 税金計算,,0,,0.00
バイマ 計算 税金,,0,,0.00
パチンコ 税金 一時所得 計算,,0,,0.00
パチンコ 税金計算,,0,,0.00
パート 所得 税金 計算,,0,,0.00
パート 扶養 税金 計算,,0,,0.00
パート 税金 2018 計算,,0,,0.00
パート 税金 計算式,,0,,0.00
パート 給料 税金 計算,,0,,0.00
パート 計算 税金,,0,,0.00
ビット コイン fx 税金 計算,,0,,0.00
ビット コイン 税金 計算 アプリ,,0,,0.00
ビットコイン 税金 計算 ツール 無料,,0,,0.00
ビットコイン 税金 計算 簡単,,0,,0.00
ビットコイン 税金 計算サービス,,0,,0.00
ビットコイン 税金 計算ツール,,0,,0.00
ビットコイン 税金計算 端数,,0,,0.00
ビットコイン建て 計算 税金,,0,,0.00
ビットコイン決済 税金 計算,,0,,0.00
ビール 税金 計算,,0,,0.00
ファイルメーカー 税込 税金 計算,,0,,0.00
ファイルメーカー 税込み 税金 計算,,0,,0.00
ファイルメーカー 税込みから税金 自動計算,,0,,0.00
ファイルメーカー 税込みから税金 計算,,0,,0.00
ファイルメーカー 税込みから税金 計算式,,0,,0.00
フィリピン不動税金計算,,0,,0.00
フィリピン不動税金計算例,,0,,0.00
フリーター wワーク 税金計算,,0,,0.00
フリーター wワーク 税金計算 簡単,,0,,0.00
フリーター 税金 計算 年間,,0,,0.00
フリーランス 1年目 税金 計算,,0,,0.00
フリーランス 所得 税金 計算,,0,,0.00
フリーランス 税金 保険 計算,,0,,0.00
フリーランス 税金 計算 1ヶ月,,0,,0.00
フリーランス 税金 計算 保険,,0,,0.00
フリーランス 税金 計算方法,,0,,0.00
フリーランス 税金 青色申告 計算,,0,,0.00
フリーランス 課税所得 税金 計算,,0,,0.00
フリーランス 請求書 税金 計算,,0,,0.00
フリーランス 請求書 税金 計算 必要書類,,0,,0.00
ブラジル 税金 計算方法,,0,,0.00
プラストークン 配当 税金 計算,,0,,0.00
プレパケ 税金 取引所 計算,,0,,0.00
ベラジョン 税金計算,,0,,0.00
ベラジョンカジノ 税金計算,,0,,0.00
ホテル 税金 計算,,0,,0.00
ボクシー 税金 諸費用 計算,,0,,0.00
ボートレース 税金 計算,,0,,0.00
ポロニエックス 税金計算,,0,,0.00
マカオのカジノ 税金 一時所得 計算,,0,,0.00
マンション 売却 税金 自動計算,,0,,0.00
マンション売却益 税金 計算,,0,,0.00
マンション査定 税金 計算,,0,,0.00
レバレッジ 税金 仮想通貨 計算,,0,,0.00
ロータリーエンジン 税金 計算,,0,,0.00
ロードスター 1999年 税金 計算,,0,,0.00
一人暮らしでかかる税金 正社員 種類 1年 計算,,0,,0.00
一時所得と雑所得の税金の計算方法の違い,,0,,0.00
一般社団法人 税金計算,,0,,0.00
一般財形貯蓄 税金 計算,,0,,0.00
不動産 個人 税金 計算,,0,,0.00
不動産 売却 税金 計算 シート,,0,,0.00
不動産 売却 税金 計算 賃貸,,0,,0.00
不動産 売却時 税金 計算,,0,,0.00
不動産 売却時 税金 計算 法人,,0,,0.00
不動産 売却益 税金 計算ツール,,0,,0.00
不動産 譲渡所得 税金計算,,0,,0.00
不動産 贈与 税金 計算,,0,,0.00
不動産売却 税金 計算 シュミレーション,,0,,0.00
不動産売却益 税金 計算 リフォーム代,,0,,0.00
不動産売却益 税金 計算 リフォーム代 大京,,0,,0.00
不動産所得 税金 計算方法,,0,,0.00
不動産投資 投資 税金 計算,,0,,0.00
不動産査定 税金 計算,,0,,0.00
不動産譲渡所得計算シートの便利な 税金申告ツール,,0,,0.00
不動産譲渡所得計算ページ 税金申告ツール,,0,,0.00
不動産販売 税金計算,,0,,0.00
世帯 税金 計算,,0,,0.00
世帯収入 税金 計算,,0,,0.00
世帯年収 税金計算 簡易,,0,,0.00
世田谷区 税金 計算,,0,,0.00
中国 税金 計算,,0,,0.00
中国 税金 計算 個人事業主,,0,,0.00
中国 税金 計算 自営業,,0,,0.00
中国 税金 計算方法,,0,,0.00
主婦 パート 年収 税金 計算,,0,,0.00
主婦 パート 税金 計算方法,,0,,0.00
主婦 税金 計算,,0,,0.00
主婦 青色申告 税金計算,,0,,0.00
乙 計算 税金 徴収 忘れ,,0,,0.00
乙 計算 税金 徴収 忘れ 1月に調整,,0,,0.00
乙欄 税金の計算式,,0,,0.00
事業 税金 計算,,0,,0.00
事業主 高精度 税金 計算,,0,,0.00
事業承継 税金 計算,,0,,0.00
交換 取得 税金計算,,0,,0.00
交換 特例 税金計算,,0,,0.00
交換 税金 計算,,0,,0.00
京都市 税金 計算,,0,,0.00
人件費 税金 計算,,0,,0.00
仙台住民税 税金 計算,,0,,0.00
仙台市 税金 計算,,0,,0.00
仮想 通貨 マイニング 税金 計算 方法,,0,,0.00
仮想 通貨 回転 税金 計算,,0,,0.00
仮想 通貨 税金 計算 おすすめ,,0,,0.00
仮想 通貨 税金 計算 エクセル ダウンロード,,0,,0.00
仮想資産 税金計算,,0,,0.00
仮想資産 税金計算サイト,,0,,0.00
仮想通貨 マイニング 税金 計算方法,,0,,0.00
仮想通貨 利益 損失 税金計算,,0,,0.00
仮想通貨 取引 税金 計算,,0,,0.00
仮想通貨 売却 税金 計算,,0,,0.00
仮想通貨 扶養 外れる 払う税金 計算方法,,0,,0.00
仮想通貨 損失 税金 計算,,0,,0.00
仮想通貨 税金 年間損益 計算,,0,,0.00
仮想通貨 税金 年間損益 計算 yakutachi saito,,0,,0.00
仮想通貨 税金 延滞 計算,,0,,0.00
仮想通貨 税金 計算 1000万,,0,,0.00
仮想通貨 税金 計算 cryptact,,0,,0.00
仮想通貨 税金 計算 おすすめ,,0,,0.00
仮想通貨 税金 計算 アルトコイン間,,0,,0.00
仮想通貨 税金 計算 アルトコイン間 取得単価,,0,,0.00
仮想通貨 税金 計算 クリプタクト 使い方,,0,,0.00
仮想通貨 税金 計算 マイニング,,0,,0.00
仮想通貨 税金 計算 仮想通貨間,,0,,0.00
仮想通貨 税金 計算 取引手数料,,0,,0.00
仮想通貨 税金 計算 含み,,0,,0.00
仮想通貨 税金 計算 方法 2つ,,0,,0.00
仮想通貨 税金 計算 方法 時間法,,0,,0.00
仮想通貨 税金 計算 期間,,0,,0.00
仮想通貨 税金 計算 海外,,0,,0.00
仮想通貨 税金 計算 減,,0,,0.00
仮想通貨 税金 計算 税務署,,0,,0.00
仮想通貨 税金 計算 給与,,0,,0.00
仮想通貨 税金 計算 給料,,0,,0.00
仮想通貨 税金 計算 自動,,0,,0.00
仮想通貨 税金 計算の仕方,,0,,0.00
仮想通貨 税金 計算例 給与,,0,,0.00
仮想通貨 税金 計算方法 税理士 費用,,0,,0.00
仮想通貨 税金 計算方法 給与,,0,,0.00
仮想通貨 税金 遅延 計算,,0,,0.00
仮想通貨 税金控除計算,,0,,0.00
仮想通貨 税金計算 binance エクセル,,0,,0.00
仮想通貨 税金計算 控除,,0,,0.00
仮想通貨 税金計算 総平均,,0,,0.00
仮想通貨 税金計算そふと,,0,,0.00
仮想通貨 給与 税金 計算,,0,,0.00
仮想通貨 給与 税金 計算例,,0,,0.00
仮想通貨 莫大な取引 税金計算,,0,,0.00
仮想通貨 計算方法 税金,,0,,0.00
仮想通貨 計算方法 税金 youtube,,0,,0.00
仮想通貨 配当 税金 計算,,0,,0.00
仮想通貨で仮想通貨購入 税金計算,,0,,0.00
仮想通貨で損失が出ている場合の税金の計算方法,,0,,0.00
仮想通貨の税金の計算 エクセル,,0,,0.00
仮想通貨の税金を自動で計算するツール,,0,,0.00
仮想通貨の税金計算はアプリ,,0,,0.00
仮想通貨の種類ごとに計算する 税金,,0,,0.00
仮想通貨取引所 税金計算,,0,,0.00
仮想通貨取引所 税金計算 年間取引報告書,,0,,0.00
仮想通貨同士 税金 計算,,0,,0.00
仮想通貨税金 計算 入金分,,0,,0.00
仮想通貨税金計算 まな,,0,,0.00
仮想通貨間 税金 計算,,0,,0.00
仮想通過 税金計算 サラリーマン 源泉徴収,,0,,0.00
仮想通過 税金計算 雑所得 サラリーマン,,0,,0.00
企業 税金 消費税 計算,,0,,0.00
企業 税金 計算 厚生年金,,0,,0.00
休業補償給付 税金 計算,,0,,0.00
会社 利益 税金 計算,,0,,0.00
会社 年度末 税金 計算,,0,,0.00
会社 税金 消費税 計算,,0,,0.00
会社 税金 計算方法,,0,,0.00
会社 税金 費用 計算,,0,,0.00
会社の税金を簡単に計算したい,,0,,0.00
会社設立 税金 計算,,0,,0.00
住宅財形 解約 税金 計算,,0,,0.00
住民票 税金 計算,,0,,0.00
住民票 税金 計算 いつから,,0,,0.00
住民票 税金 計算 いつから 海外,,0,,0.00
保健と税金の計算し方,,0,,0.00
保険と税金の計算式,,0,,0.00
保険料 税金 控除 計算,,0,,0.00
保険満期金 一時所得 税金 計算,,0,,0.00
信用取引 損失 利益 税金計算方法,,0,,0.00
信用取引 損失 税金計算方法,,0,,0.00
信託 税金 計算,,0,,0.00
個人 住宅売却 8000万税金計算書,,0,,0.00
個人 住宅売却 8000万税金計算書 購入代金,,0,,0.00
個人 収入 税金 計算,,0,,0.00
個人 法人 税金 自動計算,,0,,0.00
個人 法人 税金 計算,,0,,0.00
個人 法人 税金 計算 比較,,0,,0.00
個人 法人成 計算 税金,,0,,0.00
個人 税金 社会保険 計算,,0,,0.00
個人の税金計算 このページ かいけいセブン,,0,,0.00
個人オークション 税金 計算,,0,,0.00
個人不動産売却税金計算,,0,,0.00
個人事業 法人税金計算シミュレーション,,0,,0.00
個人事業 税金 簡易計算,,0,,0.00
個人事業 税金 計算式,,0,,0.00
個人事業主 住民税 税金 計算,,0,,0.00
個人事業主 所得税 金額 計算,,0,,0.00
個人事業主 控除後所得 税金計算,,0,,0.00
個人事業主 支払う税金計算,,0,,0.00
個人事業主 白色 税金 保健 計算,,0,,0.00
個人事業主 確定申告 税金 計算,,0,,0.00
個人事業主 税金 シュミレーション 計算式,,0,,0.00
個人事業主 税金 自動計算 副業,,0,,0.00
個人事業主 税金 計算 エクセル,,0,,0.00
個人事業主 税金 計算 所得税,,0,,0.00
個人事業主 税金 計算 源泉徴収,,0,,0.00
個人事業主 税金 計算 高精度,,0,,0.00
個人事業主 税金の計算 0円になるの,,0,,0.00
個人事業主 税金の計算0円,,0,,0.00
個人事業主 税金の計算方法,,0,,0.00
個人事業主 税金計算 白色,,0,,0.00
個人事業主 税金計算 白色申告,,0,,0.00
個人事業主 税金計算 白色申告 計算ツール,,0,,0.00
個人事業主 給与所得と事業所得 税金 計算,,0,,0.00
個人事業主 計算 税金,,0,,0.00
個人事業主 青色申告 税金計算,,0,,0.00
個人事業主 青色申告控除 税金計算,,0,,0.00
個人事業主 高精度 税金 計算,,0,,0.00
個人事業主のかんたん税金計算シミュレーション,,0,,0.00
個人収入 税金 計算,,0,,0.00
個人年金 解約返戻金 税金計算,,0,,0.00
個人年金保険 かかる税金 計算,,0,,0.00
個人年金保険控除 税金 計算,,0,,0.00
個人所得税金計算,,0,,0.00
個人投資家 税金 計算,,0,,0.00
個人経営 税金 計算,,0,,0.00
個品事業主の税金の計算は,,0,,0.00
値引き 計算 税金,,0,,0.00
傷病手当 給付額 計算方法 税金,,0,,0.00
先物 税金 自動計算,,0,,0.00
八王子 税金 計算,,0,,0.00
公務員 税金 計算,,0,,0.00
公務員 税金 計算 ツール,,0,,0.00
公的年金 税金 計算シュミレーション,,0,,0.00
内 税 金額 計算 方法,,0,,0.00
内職 税金計算,,0,,0.00
再雇用 退職金 税金 計算方法,,0,,0.00
分離課税の税金の計算方法,,0,,0.00
分離課税申告書 税金の計算78,,0,,0.00
切手 税金 計算方法,,0,,0.00
利息 税金 計算 2015,,0,,0.00
利息 税金 計算 2016,,0,,0.00
利息 税金 計算 2017,,0,,0.00
利息 税金 計算 2018,,0,,0.00
利息 税金 計算 エクセル,,0,,0.00
利息 税金 計算 切り捨て,,0,,0.00
利息 税金 計算 定期預金,,0,,0.00
利息 税金 計算 法人,,0,,0.00
利息 税金 計算 端数,,0,,0.00
利息 税金 計算式,,0,,0.00
前年度 税金 転職 源泉徴収票 計算,,0,,0.00
前年度 税金 転職 計算,,0,,0.00
副業 個人事業主 税金 計算 エクセル,,0,,0.00
副業 個人事業主 税金計算,,0,,0.00
副業 報酬 税金計算,,0,,0.00
副業収入にかかる税金 計算式,,0,,0.00
割引 税金 計算,,0,,0.00
加熱 式 たばこ 税金 計算 方法,,0,,0.00
医療保険 税金控除 計算,,0,,0.00
医療法人等に係る所得金額の計算書 税金の還付,,0,,0.00
単身 年金 税金 簡易計算,,0,,0.00
厳正徴収税 金額 計算方法,,0,,0.00
厳正徴収税 金額 計算方法 個人事業主,,0,,0.00
収入 所得 税金 計算,,0,,0.00
収入 税金 計算 個人事業主,,0,,0.00
収入 税金 計算式,,0,,0.00
収入 税金 計算方法,,0,,0.00
収入が低い 個人事業主 確定申告書b 税金の計算,,0,,0.00
収入が低い 個人事業主 確定申告書b 税金の計算欄,,0,,0.00
収入管理 税金手取計算,,0,,0.00
収支計算 税金,,0,,0.00
収支計算書 税金,,0,,0.00
収益不動産投資 税金計算,,0,,0.00
取手市 退職金 税金計算,,0,,0.00
受取利息 経費 税金 計算,,0,,0.00
口座に移したときの価格 税金 計算,,0,,0.00
口座に移したときの価格 税金 計算 株,,0,,0.00
各停申告書b 税金の計算,,0,,0.00
各税金の計算,,0,,0.00
合同 会社 税金 計算 シュミレーション,,0,,0.00
合計所得 税金 計算,,0,,0.00
合計金額-税金 計算,,0,,0.00
名目賃金 計算方法 税金,,0,,0.00
吹田市税金 計算,,0,,0.00
営業所得 税金計算,,0,,0.00
四半期 税金計算 勘定科目内訳書,,0,,0.00
国民年金 控除 税金 計算,,0,,0.00
国民年金 税金控除 計算,,0,,0.00
国税仮想通貨税金計算ツール,,0,,0.00
国税庁の雑所得による税金の計算例,,0,,0.00
国税庁の雑所得による税金の計算例 仮想通貨,,0,,0.00
土地 名義変更 税金 計算,,0,,0.00
土地 売る 税金 計算,,0,,0.00
土地 建物 税金 計算,,0,,0.00
土地 譲渡所得 税金 計算,,0,,0.00
土地 贈与 税金 計算,,0,,0.00
土地 遺贈 税金 計算,,0,,0.00
土地の譲渡 税金 計算,,0,,0.00
土地売却 税金 自動計算,,0,,0.00
土地売買税金計算書,,0,,0.00
土地建物 税金 計算,,0,,0.00
在庫 税金計算方法,,0,,0.00
報酬 配当 税金計算,,0,,0.00
売り上げ 税金計算,,0,,0.00
売買 売却 税金計算,,0,,0.00
外国 税金免除 消費税 計算,,0,,0.00
外国会社 税金免除 消費税 計算,,0,,0.00
外国株 税金 計算,,0,,0.00
外貨 mmf 税金 計算,,0,,0.00
外貨 税金 計算 レート,,0,,0.00
外貨 金利 税金 計算,,0,,0.00
外貨mmf 税金 計算,,0,,0.00
外貨預金 為替差益 税金 計算方法,,0,,0.00
大学生 バイト 税金 計算,,0,,0.00
太陽光 売電 税金 計算,,0,,0.00
太陽光一括償却 税金 還付金 計算方法,,0,,0.00
失業給付 計算 税金,,0,,0.00
妻の年金98万円が夫の雑収入になって税務署から税金計算書がきた,,0,,0.00
学生 バイト 税金 計算,,0,,0.00
学生バイト 税金 計算,,0,,0.00
安城市 税金計算方法,,0,,0.00
定期 利息 計算 税金,,0,,0.00
定期 金利 計算 税金,,0,,0.00
定期 預金 税金 かからない 金額 計算,,0,,0.00
宝くじ 税金 計算,,0,,0.00
家を売った時かかる税金 計算方法,,0,,0.00
家屋 売却 税金 計算,,0,,0.00
家屋 売却 税金 計算 自動,,0,,0.00
家屋 税金 計算,,0,,0.00
家屋 税金 評価計算方法,,0,,0.00
家屋の税金計算方法,,0,,0.00
家族の税金 計算,,0,,0.00
家賃収入 税金 計算方法,,0,,0.00
家賃収入 税金計算 シミュレーション,,0,,0.00
家賃補助 税金 計算,,0,,0.00
寄付 税金 控除 計算,,0,,0.00
専業主婦の税金の計算法,,0,,0.00
専業投資か 税金 計算,,0,,0.00
専門家の税金計算シミュレーション ver10.10,,0,,0.00
岡山市 収入 税金 計算,,0,,0.00
川口市 確定申告 税金 計算方法,,0,,0.00
市県民税金計算,,0,,0.00
平成28年 確定申告 税金の計算,,0,,0.00
平成28年度版 税金の本 第4章 相続と税金 第9節 不動産の相続税評価と相続税の課税価格の計算特例,,0,,0.00
年収 300万 税金 保険料 自動計算,,0,,0.00
年収 税金 自動計算,,0,,0.00
年収 税金 計算 保険料控除,,0,,0.00
年収 税金 計算 個人事業主,,0,,0.00
年収 税金 計算 健康保険,,0,,0.00
年収 税金 計算 手取り,,0,,0.00
年収 税金 計算 自営業,,0,,0.00
年収 税金 計算ツール,,0,,0.00
年収 税金 計算方法,,0,,0.00
年収100万 税金計算,,0,,0.00
年収1億 税金計算,,0,,0.00
年収500万 税金 計算,,0,,0.00
年収から税金を計算するには,,0,,0.00
年収における税金の計算テンプレート,,0,,0.00
年収による税金の計算テンプレート,,0,,0.00
年度末 税金 計算,,0,,0.00
年金 65歳以上 税金 計算,,0,,0.00
年金 その他の収入 税金 計算,,0,,0.00
年金 税金 確定申告 計算シュミレーション,,0,,0.00
年金 税金 簡易計算,,0,,0.00
年金 税金 計算 税率,,0,,0.00
年金 税金 計算式,,0,,0.00
年金 税金の計算,,0,,0.00
年金 雑所得 税金計算,,0,,0.00
年金にかかる税金 計算法,,0,,0.00
年金受給者寡婦の税金計算,,0,,0.00
年金税金の計算,,0,,0.00
年間 税金計算 月,,0,,0.00
広島 税金 給料 計算,,0,,0.00
広島 税金 計算,,0,,0.00
広島市手取り税金計算,,0,,0.00
広島市税金計算,,0,,0.00
延滞金 税金 計算,,0,,0.00
引かれる税金 計算,,0,,0.00
弥生 税金計算,,0,,0.00
弥生会計 税金 計算,,0,,0.00
弥生会計 計算 税金,,0,,0.00
従業員 税金 自動計算,,0,,0.00
従業員 税金 計算,,0,,0.00
慰労金 税金計算,,0,,0.00
所得 税金 計算 個人事業主,,0,,0.00
所得 税金 計算 早見表,,0,,0.00
所得 税金 計算 速水,,0,,0.00
所得 税金 計算式,,0,,0.00
所得 税金 計算方法,,0,,0.00
所得から税金計算,,0,,0.00
所得にかかる税金計算,,0,,0.00
所得税 と 税金 簡単計算 電卓,,0,,0.00
所得税 と 税金 簡単計算しかた,,0,,0.00
所得税 と 税金 簡単計算仕方,,0,,0.00
所得税の税率 税金計算,,0,,0.00
所得税金計算月,,0,,0.00
手取り 税金 計算 ツール,,0,,0.00
手取り 税金 計算 ブラウザ,,0,,0.00
手取り計算 税金 社会保険,,0,,0.00
払込保険料 税金 計算 一部解約,,0,,0.00
扶養 税金 控除 計算,,0,,0.00
扶養内 外 税金 計算,,0,,0.00
扶養内 外 税金 計算 得,,0,,0.00
扶養内 外 税金 計算 得 学生 バイト,,0,,0.00
扶養別 税金計算,,0,,0.00
扶養家族税金還付計算,,0,,0.00
扶養家族税金還付計算サイト,,0,,0.00
投信 売却 税金 計算,,0,,0.00
投資信託 解約 1200万円 税金 計算,,0,,0.00
投資信託税金を引いた利益計算方法,,0,,0.00
投資信託解約時の税金込みの手取り額計算方法,,0,,0.00
投資家 税金計算,,0,,0.00
持ち家 税金 計算方法,,0,,0.00
持株会 売却 税金 計算,,0,,0.00
排気量 税金 計算,,0,,0.00
控除 税金 年収から計算 パート収入,,0,,0.00
控除前所得 税金 計算,,0,,0.00
損益計算 雑所得 税金,,0,,0.00
損益計算書 税金 計算,,0,,0.00
携帯基地局 税金 計算,,0,,0.00
支払う税金 計算,,0,,0.00
新エヌボックス カスタム税金計算書,,0,,0.00
新入社員 税金 計算,,0,,0.00
新社会人 税金 計算,,0,,0.00
新築ワンルームマンションの税金計算例,,0,,0.00
日払い 税金 計算,,0,,0.00
日本をでる 税金計算,,0,,0.00
日給 税金計算,,0,,0.00
普通車 税金 計算,,0,,0.00
普通預金 利息 税金 計算 端数,,0,,0.00
普通預金 利息 税金 計算方法 端数,,0,,0.00
暗号資産 税金 計算方法,,0,,0.00
暗号資産 税金計算,,0,,0.00
月収40万 税金 手取り 計算,,0,,0.00
月収50万 税金計算,,0,,0.00
月次決算 税金計算,,0,,0.00
月給 手取り 税金 計算 ツール,,0,,0.00
月給 税金 計算方法,,0,,0.00
月給で税金 計算,,0,,0.00
月給料 税金 計算,,0,,0.00
有給 遡って取得 税金計算,,0,,0.00
有給 遡って取得 税金計算 雇用保険,,0,,0.00
有給休暇 平均賃金 計算方法 控除 税金,,0,,0.00
有給休暇 平均賃金 計算方法 税金,,0,,0.00
未払い残業代 税金 計算,,0,,0.00
杉田水脈 lgbtもノーマルの人と同じ計算法で税金納めてるのに,,0,,0.00
来料加工 税金 計算,,0,,0.00
来期の税金を計算したい,,0,,0.00
東京 税金 計算,,0,,0.00
東京 給料 税金 計算,,0,,0.00
東京都 一人暮らし 払う税金 計算,,0,,0.00
東京都 法人税金計算シュミレーション,,0,,0.00
東京都 税金計算シュミレーション,,0,,0.00
東京都 税金計算シュミレーション 企業,,0,,0.00
松戸市 税金計算,,0,,0.00
株 手数料 特定 税金 計算 sbi,,0,,0.00
株 手数料 税金 計算 sbi,,0,,0.00
株 手数料 税金 計算 自分の手取り,,0,,0.00
株 損 税金 計算,,0,,0.00
株 損益 税金 計算,,0,,0.00
株 損益額 計算 税金,,0,,0.00
株 税金 取得費計算,,0,,0.00
株 税金 無職 計算,,0,,0.00
株 税金 特定口座 源泉徴収あり 計算方法,,0,,0.00
株 税金 計算 1億円,,0,,0.00
株 税金 計算 含み損,,0,,0.00
株 税金 計算 復興税,,0,,0.00
株 税金 計算 手数料,,0,,0.00
株 税金 計算 控除額,,0,,0.00
株 税金 計算 簡単,,0,,0.00
株 税金 計算 繰越,,0,,0.00
株 税金 計算 自分,,0,,0.00
株 税金 計算方法 例,,0,,0.00
株 税金計算 購入時の手数料も,,0,,0.00
株 証券会社 税金 計算 取得金額,,0,,0.00
株 証券会社 税金 計算 取得金額 繰り上げ,,0,,0.00
株 譲渡 税金 計算 切り捨て,,0,,0.00
株 配当金の税金 計算方法,,0,,0.00
株 雑所得 税金 計算,,0,,0.00
株の税金 特定口座 計算方法,,0,,0.00
株の税金 計算 10円未満,,0,,0.00
株の税金 計算方法 10円未満,,0,,0.00
株主優待 税金 計算,,0,,0.00
株主優待 税金の計算が面倒,,0,,0.00
株売り上げ税金計算,,0,,0.00
株式 税金 自動計算,,0,,0.00
株式 税金 自動計算 ツール,,0,,0.00
株式 税金 自動計算 ツール 会計,,0,,0.00
株式譲渡 市税金計算,,0,,0.00
株式譲渡 税金 計算 譲渡税,,0,,0.00
株特別口座利益税金計算方法,,0,,0.00
業務委託費 税金 計算,,0,,0.00
楽天証券 税金 計算,,0,,0.00
楽天証券 米国株 税金 計算,,0,,0.00
標準報酬月額 税金 計算,,0,,0.00
正社員 フリー 税金計算 個人事業主,,0,,0.00
死亡保険 計算方法 税金,,0,,0.00
死亡保険 計算方法 税金 38,,0,,0.00
死亡保険 計算方法 税金 38 これまでに,,0,,0.00
死亡保険金 税金 金額計算,,0,,0.00
死因 贈与 税金 計算,,0,,0.00
母子家庭 税金 免除 計算,,0,,0.00
毎月 年金税金 計算,,0,,0.00
決算 書 税金 計算,,0,,0.00
決算 自動計算各種税金支払時期,,0,,0.00
決算時期別 自動計算各種税金支払時期,,0,,0.00
法人 2000万 利益 税金 計算,,0,,0.00
法人 に かかる 税金 計算,,0,,0.00
法人 個人 税金 計算,,0,,0.00
法人 税金 計算 不動産,,0,,0.00
法人 税金 計算 利益200万,,0,,0.00
法人 計算方法 税金,,0,,0.00
法人税 金額 計算,,0,,0.00
海外 fx 税金 サラリーマン 計算,,0,,0.00
海外 fx 税金 計算 例,,0,,0.00
海外 株式 税金 計算,,0,,0.00
海外fx 税金 サラリーマン 計算,,0,,0.00
海外fx 税金 計算 シミュレーション,,0,,0.00
海外fx 税金 計算脱税,,0,,0.00
海外fx所得 税金計算,,0,,0.00
海外バイナリー 税金 計算,,0,,0.00
海外バイナリー 税金 計算 1000万,,0,,0.00
海外取引所 仮想通貨 税金 計算,,0,,0.00
海外株式 計算 税金,,0,,0.00
海外株式 計算 税金 雑所得,,0,,0.00
海外赴任 家賃収入 税金計算,,0,,0.00
海外通販 税金 計算,,0,,0.00
海外通販 税金 計算ラジコン,,0,,0.00
消費税 計算 税金,,0,,0.00
消費税 計算方法 税金,,0,,0.00
消費税 金額 ずれる 計算,,0,,0.00
渋谷 区 税金 計算,,0,,0.00
満期保険金 税金 計算 必要経費とは,,0,,0.00
源泉の税金税率 の計算,,0,,0.00
源泉徴収 税金 計算 復興,,0,,0.00
源泉徴収 税金 計算表,,0,,0.00
源泉徴収 税金支払い 計算,,0,,0.00
源泉徴収 計算 税金,,0,,0.00
源泉徴収 計算 税金 逆,,0,,0.00
源泉徴収票払う税金の計算方法,,0,,0.00
源泉徴収税 金額 計算方法,,0,,0.00
源泉徴収税 金額 計算方法 フリーランス,,0,,0.00
源泉徴収税 金額 計算方法 消費税,,0,,0.00
源泉徴収税額 白色申告 還付される税金 計算式,,0,,0.00
為替差益 税金 計算方法 米国債,,0,,0.00
為替税金 計算式,,0,,0.00
無職 税金 計算 一時所得,,0,,0.00
熊本県市税金の計算,,0,,0.00
特定口座 国内株 税金 計算方法,,0,,0.00
特定口座 税金 計算方法,,0,,0.00
特定口座年間取引報告書 税金計算方法,,0,,0.00
特集 生前贈与を賢く活用する 第3回 生前贈与にかかる税金はいくら 税率と計算方法を知る,,0,,0.00
独身 税金 計算,,0,,0.00
独身者 税金対策 計算,,0,,0.00
生前贈与 不動産 税金 計算,,0,,0.00
生命保険料控除 税金 計算,,0,,0.00
生活費 税金 計算,,0,,0.00
産休 税金 計算,,0,,0.00
産業用太陽光発電 青色申告 税金 計算,,0,,0.00
田んぼから宅地 税金 計算方法,,0,,0.00
申告 書 b 税金 の 計算,,0,,0.00
登記 税金 計算,,0,,0.00
白色 申告 税金 の 計算,,0,,0.00
白色 確定申告 税金 計算,,0,,0.00
白色申告 税金の計算 どこ,,0,,0.00
相続 土地 税金 計算,,0,,0.00
相続 家屋 税金 計算,,0,,0.00
相続 解決金 税金 計算,,0,,0.00
相続受けた資産の売却益にかかる税金計算,,0,,0.00
相続物件売却 税金計算方法,,0,,0.00
相続税金額簡単計算,,0,,0.00
相続解決金 税金 計算,,0,,0.00
確定 申告 a 税金 の 計算 書き方,,0,,0.00
確定 申告 b 税金 の 計算,,0,,0.00
確定 申告 書 a 税金 の 計算,,0,,0.00
確定 申告 書 a 税金 の 計算 22,,0,,0.00
確定 申告 書 b 税金 の 計算,,0,,0.00
確定 申告 税金 の 計算 22,,0,,0.00
確定申告 オンライン 税金の計算,,0,,0.00
確定申告 個人事業主 税金 計算,,0,,0.00
確定申告 分離課税 税金計算,,0,,0.00
確定申告 分離課税 第三表 税金計算,,0,,0.00
確定申告 所得 税金 計算,,0,,0.00
確定申告 株 税金 計算,,0,,0.00
確定申告 申告書b税金の計算 書き方,,0,,0.00
確定申告 白色 青色 税金計算,,0,,0.00
確定申告 税金 ドル計算,,0,,0.00
確定申告 税金 自動計算,,0,,0.00
確定申告 税金 計算 サラリーマン,,0,,0.00
確定申告 税金 計算2018,,0,,0.00
確定申告 税金2計算018,,0,,0.00
確定申告 税金の計算 0,,0,,0.00
確定申告 税金の計算 44,,0,,0.00
確定申告 税金の計算 44 所得税及び復興特別税の源泉徴収税額,,0,,0.00
確定申告 税金の計算 45,,0,,0.00
確定申告 税金の計算 46 所得税及び復興税の予定納税,,0,,0.00
確定申告 税金の計算 46 計算,,0,,0.00
確定申告 税金の計算 所得ごとに,,0,,0.00
確定申告 税金の計算 記入,,0,,0.00
確定申告 税金の計算 赤字,,0,,0.00
確定申告 税金の計算 還付される税金,,0,,0.00
確定申告 税金戻る 計算 サラリーマン,,0,,0.00
確定申告 第一表 税金の計算,,0,,0.00
確定申告 計算式 税金,,0,,0.00
確定申告 雑所得 税金計算,,0,,0.00
確定申告で計算する税金は,,0,,0.00
確定申告の手引き 税金の計算,,0,,0.00
確定申告ソフト 税金自動計算,,0,,0.00
確定申告所得額から税金額の計算式,,0,,0.00
確定申告書 分離課税用 の税金の計算方法,,0,,0.00
確定申告書 税金計算 不動産売却,,0,,0.00
確定申告書a 税金計算でマイナスになっても記入するの,,0,,0.00
確定申告書b 年収 税金 計算,,0,,0.00
確定税金 計算,,0,,0.00
社会人 税金 計算,,0,,0.00
社会人は払うべき税金計算,,0,,0.00
神奈川県 税金 計算,,0,,0.00
神戸市 税金 計算,,0,,0.00
福岡空港税関支署 税金計算,,0,,0.00
租税特別措置法27条 税金 計算方法,,0,,0.00
租税特別措置法27税金 計算方法,,0,,0.00
税理士法違反 youtube 税金計算,,0,,0.00
税込み 税金 計算,,0,,0.00
税込み価格 税金 計算,,0,,0.00
税込み価格から税金を計算,,0,,0.00
税込み金額の税金の計算式,,0,,0.00
税金 100万計算,,0,,0.00
税金 3 4 5 計算,,0,,0.00
税金 3 4 5 金額 計算,,0,,0.00
税金 3月 計算,,0,,0.00
税金 8 10 計算,,0,,0.00
税金 の 計算 27,,0,,0.00
税金 の 計算 アプリ,,0,,0.00
税金 の 計算 エクセル,,0,,0.00
税金 を 求める 計算,,0,,0.00
税金 サラリーマン 計算,,0,,0.00
税金 パーセント 計算,,0,,0.00
税金 フリー 計算,,0,,0.00
税金 ユーロ 計算,,0,,0.00
税金 乙 計算,,0,,0.00
税金 乙 計算方法,,0,,0.00
税金 仮想通貨 計算 できない,,0,,0.00
税金 個人事業 計算,,0,,0.00
税金 利子 計算,,0,,0.00
税金 利子 計算 滞納,,0,,0.00
税金 利息 計算,,0,,0.00
税金 前年度 計算,,0,,0.00
税金 割合 計算,,0,,0.00
税金 医療 費 控除 計算,,0,,0.00
税金 医療費の計算方法を教えてください,,0,,0.00
税金 名古屋 計算,,0,,0.00
税金 変更 計算,,0,,0.00
税金 天引き 計算,,0,,0.00
税金 延滞 計算,,0,,0.00
税金 延滞利息 計算,,0,,0.00
税金 所得税 住民税 計算,,0,,0.00
税金 手取り 計算 ツール,,0,,0.00
税金 手取り額 計算,,0,,0.00
税金 手当 計算,,0,,0.00
税金 扶養計算,,0,,0.00
税金 扶養計算 20歳以上,,0,,0.00
税金 控除 計算式,,0,,0.00
税金 控除額 明細 計算,,0,,0.00
税金 支払 計算,,0,,0.00
税金 時効 計算日,,0,,0.00
税金 月 計算,,0,,0.00
税金 月割 計算方法,,0,,0.00
税金 来年 計算,,0,,0.00
税金 正社員 1年 計算,,0,,0.00
税金 決算 計算,,0,,0.00
税金 法人 計算,,0,,0.00
税金 消費税 計算,,0,,0.00
税金 源泉徴収 計算,,0,,0.00
税金 滞納 延滞金 計算,,0,,0.00
税金 率 計算,,0,,0.00
税金 社会保険料 計算 4月,,0,,0.00
税金 社会保険料の計算方法,,0,,0.00
税金 社会保障費 計算,,0,,0.00
税金 社保計算 各種控除の減税効果確認ツール,,0,,0.00
税金 社保計算 各種控除の減税効果確認ツール by 税理士試験と税務のメモ,,0,,0.00
税金 移動平均 計算方法,,0,,0.00
税金 税こみ 計算,,0,,0.00
税金 税引き前から計算する,,0,,0.00
税金 簡易計算 自営業,,0,,0.00
税金 給与天引き 計算,,0,,0.00
税金 給与差押 計算,,0,,0.00
税金 総額 計算 東京都,,0,,0.00
税金 自分で計算自分で納税,,0,,0.00
税金 自動計算 青色,,0,,0.00
税金 自動計算 青色 給与所得,,0,,0.00
税金 自営業 計算,,0,,0.00
税金 計算 0.8,,0,,0.00
税金 計算 103万,,0,,0.00
税金 計算 110万,,0,,0.00
税金 計算 1億,,0,,0.00
税金 計算 30,,0,,0.00
税金 計算 4.5 6,,0,,0.00
税金 計算 456,,0,,0.00
税金 計算 zatu,,0,,0.00
税金 計算 しかた,,0,,0.00
税金 計算 まとめて,,0,,0.00
税金 計算 アプリ 仮想 通貨,,0,,0.00
税金 計算 エクセル 確定申告,,0,,0.00
税金 計算 サービス,,0,,0.00
税金 計算 シュミレーション 個人事業,,0,,0.00
税金 計算 ツール 在宅,,0,,0.00
税金 計算 事業税,,0,,0.00
税金 計算 個人事業主 110万,,0,,0.00
税金 計算 内税,,0,,0.00
税金 計算 写真ac,,0,,0.00
税金 計算 取引日 約定日,,0,,0.00
税金 計算 合計,,0,,0.00
税金 計算 小数点以下,,0,,0.00
税金 計算 小数点以下 株式,,0,,0.00
税金 計算 岐阜市 年収800万,,0,,0.00
税金 計算 年収 手取り 総支給額,,0,,0.00
税金 計算 手取り 総支給額,,0,,0.00
税金 計算 月給,,0,,0.00
税金 計算 月額,,0,,0.00
税金 計算 期間 年収,,0,,0.00
税金 計算 東京都,,0,,0.00
税金 計算 桁,,0,,0.00
税金 計算 正確,,0,,0.00
税金 計算 流れ,,0,,0.00
税金 計算 流山,,0,,0.00
税金 計算 相続税 株利益 経費控除,,0,,0.00
税金 計算 相続税 経費控除,,0,,0.00
税金 計算 社宅契約,,0,,0.00
税金 計算 神奈川県,,0,,0.00
税金 計算 神栖,,0,,0.00
税金 計算 福岡市,,0,,0.00
税金 計算 福岡市 シミュレーション,,0,,0.00
税金 計算 移動,,0,,0.00
税金 計算 結婚,,0,,0.00
税金 計算 給与 月,,0,,0.00
税金 計算 給料 月,,0,,0.00
税金 計算 総合課税,,0,,0.00
税金 計算 課税所得,,0,,0.00
税金 計算 豊島区,,0,,0.00
税金 計算 青色,,0,,0.00
税金 計算ん,,0,,0.00
税金 計算付き,,0,,0.00
税金 計算器,,0,,0.00
税金 計算式 アルバイト,,0,,0.00
税金 計算方法 10,,0,,0.00
税金 計算方法 年金 健康保険,,0,,0.00
税金 計算間違えあったら,,0,,0.00
税金 計算間違えてた,,0,,0.00
税金 退職金 計算,,0,,0.00
税金 遅延金 計算,,0,,0.00
税金 還付金 計算方法,,0,,0.00
税金 障害者控除 計算,,0,,0.00
税金 雑所得 計算,,0,,0.00
税金 電卓 計算,,0,,0.00
税金 電卓 計算方法,,0,,0.00
税金から所得を逆計算,,0,,0.00
税金が計算される月,,0,,0.00
税金が計算される月 対策,,0,,0.00
税金なし計算,,0,,0.00
税金について 計算,,0,,0.00
税金ねっと 計算表,,0,,0.00
税金の自動計算,,0,,0.00
税金の計算 0,,0,,0.00
税金の計算 0はおかしい,,0,,0.00
税金の計算 44,,0,,0.00
税金の計算 エクセル,,0,,0.00
税金の計算 シミュレーション,,0,,0.00
税金の計算 ハワイ ホテル税,,0,,0.00
税金の計算 不動産売却,,0,,0.00
税金の計算 何を書ける,,0,,0.00
税金の計算 報告書b 27番,,0,,0.00
税金の計算 引き方,,0,,0.00
税金の計算 所得ごとに,,0,,0.00
税金の計算 所得事に,,0,,0.00
税金の計算 確定申告 27,,0,,0.00
税金の計算 税額控除等 課税される所得金額 9 25 又は第三表,,0,,0.00
税金の計算 違法,,0,,0.00
税金の計算 難しい,,0,,0.00
税金の計算22番,,0,,0.00
税金の計算24番,,0,,0.00
税金の計算26,,0,,0.00
税金の計算27分離課税,,0,,0.00
税金の計算86,,0,,0.00
税金の計算し方,,0,,0.00
税金の計算の仕方 1円未満の場合,,0,,0.00
税金の計算は1000円以下切り捨て,,0,,0.00
税金の計算方法 オッズ,,0,,0.00
税金の計算方法 ハワイ ホテル税,,0,,0.00
税金の計算方法 所得分類ごとに,,0,,0.00
税金を計算,,0,,0.00
税金を計算する 英語,,0,,0.00
税金サービス料の計算,,0,,0.00
税金価格を計算,,0,,0.00
税金前計算,,0,,0.00
税金引き当て 計算法,,0,,0.00
税金引当 計算,,0,,0.00
税金引当 計算法,,0,,0.00
税金控除 計算式,,0,,0.00
税金支払額 計算,,0,,0.00
税金支払額 計算 キャッシュ,,0,,0.00
税金滞納 金利 計算,,0,,0.00
税金率計算,,0,,0.00
税金計算 10月,,0,,0.00
税金計算 3月,,0,,0.00
税金計算 700000,,0,,0.00
税金計算 excel,,0,,0.00
税金計算 fx,,0,,0.00
税金計算 kasoutuuka,,0,,0.00
税金計算 いつからいつ,,0,,0.00
税金計算 お得な年収,,0,,0.00
税金計算 アンドロイド,,0,,0.00
税金計算 イラスト 無料,,0,,0.00
税金計算 ツール 仮想通貨,,0,,0.00
税金計算 並び,,0,,0.00
税金計算 仮想通貨 ビットレックス,,0,,0.00
税金計算 何月の給料,,0,,0.00
税金計算 健康保険,,0,,0.00
税金計算 写真ac,,0,,0.00
税金計算 分離課税,,0,,0.00
税金計算 分離課税の,,0,,0.00
税金計算 分離課税の税金の,,0,,0.00
税金計算 小学生,,0,,0.00
税金計算 小数点以下,,0,,0.00
税金計算 年収 いつ,,0,,0.00
税金計算 年金 雑所得,,0,,0.00
税金計算 店内,,0,,0.00
税金計算 役員,,0,,0.00
税金計算 役員 いくらがいい,,0,,0.00
税金計算 所得税を抜いた,,0,,0.00
税金計算 手当,,0,,0.00
税金計算 普通に,,0,,0.00
税金計算 決算,,0,,0.00
税金計算 白色,,0,,0.00
税金計算 福岡,,0,,0.00
税金計算 種類,,0,,0.00
税金計算 端数処理,,0,,0.00
税金計算 給与 excel,,0,,0.00
税金計算 給与所得と事業所得,,0,,0.00
税金計算 自動,,0,,0.00
税金計算 自動 所得税住民税,,0,,0.00
税金計算 自動 所得税住民税 社会保険料,,0,,0.00
税金計算 解説,,0,,0.00
税金計算 資格,,0,,0.00
税金計算 退職 途中,,0,,0.00
税金計算 過疎つううか,,0,,0.00
税金計算 配当金,,0,,0.00
税金計算 配当金 免税,,0,,0.00
税金計算cryptact,,0,,0.00
税金計算には例えば貸倒引当金繰入額には上限,,0,,0.00
税金計算アプリ 仮想通貨,,0,,0.00
税金計算例,,0,,0.00
税金計算後 仕訳,,0,,0.00
税金計算方,,0,,0.00
税金計算方法 0.1-97500,,0,,0.00
税金計算方法 0.8,,0,,0.00
税金計算時期,,0,,0.00
税金計算書 日本,,0,,0.00
税金計算用 ビットコイン価格,,0,,0.00
税金込 計算,,0,,0.00
税金還元率 計算式,,0,,0.00
立ち退き料 税金 計算,,0,,0.00
競馬 税金 ネット 計算,,0,,0.00
競馬 税金 計算 会社員,,0,,0.00
競馬 税金 計算 会社員 例,,0,,0.00
競馬 税金 計算 会社員 競馬だけで,,0,,0.00
競馬 配当 税金 計算,,0,,0.00
簡易 課税 税金 計算,,0,,0.00
米ドル 預金 利息 税金 計算方法,,0,,0.00
米国 税金計算,,0,,0.00
米国債 償還 税金 計算,,0,,0.00
米国債 税金 差益 計算方法,,0,,0.00
米国株 購入時 税金 計算,,0,,0.00
米国輸入商品の税金計算方法,,0,,0.00
米子 市 税金 計算,,0,,0.00
終身年金 税金 計算,,0,,0.00
経常利益 税金 計算,,0,,0.00
経費 税金 単純計算,,0,,0.00
結婚 税金 控除 計算,,0,,0.00
給与 事業経費 白色申告 還付される税金 計算式,,0,,0.00
給与 保険 税金 計算,,0,,0.00
給与 手取り 税金計算シート,,0,,0.00
給与 税金 自動計算,,0,,0.00
給与 税金 計算 エクセル,,0,,0.00
給与 税金 計算 ブラウザ,,0,,0.00
給与 税金 計算ぜいきん,,0,,0.00
給与 税金 計算式,,0,,0.00
給与 税金 計算月,,0,,0.00
給与 税金計算シート,,0,,0.00
給与にかかる税金 計算,,0,,0.00
給与収入 税金 計算,,0,,0.00
給与所得 個人年金 税金 計算,,0,,0.00
給与所得と雑所得税金簡易計算,,0,,0.00
給与明細 税金 2017 自動計算 ひな形,,0,,0.00
給与明細 税金 自動計算,,0,,0.00
給与明細 税金 自動計算 ひな形,,0,,0.00
給与税金の計算,,0,,0.00
給与総額 税金計算,,0,,0.00
給料 手取り 税金 計算,,0,,0.00
給料 税金 保険 計算,,0,,0.00
給料 税金 手取り 計算,,0,,0.00
給料 税金 計算式,,0,,0.00
給料 税金計算書,,0,,0.00
給料 課税対象額 税金 計算,,0,,0.00
給料から税金計算,,0,,0.00
給料天引き 税金 計算,,0,,0.00
給料所得 税金 計算,,0,,0.00
給料計算 引く税金,,0,,0.00
総合課税 税金 計算,,0,,0.00
総合課税 税金 計算 高精度,,0,,0.00
翌年 税金 計算 神奈川県,,0,,0.00
翌年 税金 計算 神奈川県 所得税,,0,,0.00
翌年に払う税金 計算,,0,,0.00
翌年の税金 計算,,0,,0.00
老保険の満期保険金にかかる税金の計算方法,,0,,0.00
老齢年金 税金 都民税 計算,,0,,0.00
自分で計算できるようになれば 税金関係,,0,,0.00
自分の税金 計算,,0,,0.00
自動車 税金 計算方法,,0,,0.00
自動車 購入 税金 計算,,0,,0.00
自動車税金 計算期間,,0,,0.00
自営業 来年の税金 計算,,0,,0.00
自営業 税金 計算 相場,,0,,0.00
自営業 税金 計算方法,,0,,0.00
自営業 税金計算 シュミレーション,,0,,0.00
自宅 不動産 売買 税金 計算,,0,,0.00
自治体向け 税金計算,,0,,0.00
英語 税金の計算,,0,,0.00
茨木市 税金 計算,,0,,0.00
葉巻 個人輸入 税金 計算,,0,,0.00
葉巻 税金 計算,,0,,0.00
葉巻 輸入 税金 計算,,0,,0.00
複利 税金計算,,0,,0.00
解決金 税金計算,,0,,0.00
解雇予告手当 計算 税金,,0,,0.00
計算 パーセンテージ 税金,,0,,0.00
計算 税金 アプリ 無料,,0,,0.00
計算 税金がかかるまえ,,0,,0.00
計算 税金がかかる前,,0,,0.00
計算基準日 税金,,0,,0.00
計算方法 税金 年末調整,,0,,0.00
証券 税金 計算,,0,,0.00
課税対象額 税金 計算,,0,,0.00
課税所得 税金額計算,,0,,0.00
請求書 復興税 金額 計算,,0,,0.00
請求書 復興税 金額 計算式,,0,,0.00
請求書 源泉 復興税 金額 計算,,0,,0.00
請求書 税金 計算 ディレクター,,0,,0.00
請求書 税金 計算 ディレクター 復興税,,0,,0.00
請求書 税金 計算方法,,0,,0.00
請求額 税金 100万計算,,0,,0.00
謝礼 報酬 税金 計算,,0,,0.00
豊中市税金計算,,0,,0.00
貯金 利息 税金計算,,0,,0.00
貯金 利息 計算 税金,,0,,0.00
賃金 税金 社会保険料 計算,,0,,0.00
資本 金 税金 計算,,0,,0.00
資材在庫 税金 計算,,0,,0.00
賞与 社会保険 税金 計算,,0,,0.00
賞与から引かれる税金 計算,,0,,0.00
賞金 税金 計算 ゴルフ,,0,,0.00
賞金の税金計算,,0,,0.00
賠償金 税金がかかる場合の計算,,0,,0.00
赤字 税金計算,,0,,0.00
車 税金 延滞金 計算,,0,,0.00
車 税金 計算ツール,,0,,0.00
車 税金 計算方法,,0,,0.00
車 税金 還付 計算,,0,,0.00
転職後 税金 計算,,0,,0.00
軽油 の 税金 高 精度 計算 サイト,,0,,0.00
軽油 税金 計算 式,,0,,0.00
輸入 税金 計算 一般税率,,0,,0.00
輸入 税金計算方法,,0,,0.00
農地 税金 計算,,0,,0.00
退職 税金 計算方法,,0,,0.00
退職 金 前払い 税金 計算,,0,,0.00
退職後フリーター 税金 計算,,0,,0.00
退職月 税金計算,,0,,0.00
退職者 税金 高精度計算サイト,,0,,0.00
退職金 税金 控除 計算,,0,,0.00
退職金 税金 計算 アプリ,,0,,0.00
退職金 税金 計算 一例,,0,,0.00
退職金 税金 計算 分割,,0,,0.00
退職金 税金 計算 東京都,,0,,0.00
退職金 税金計算 フリーソフト,,0,,0.00
退職金 税金計算 高精度,,0,,0.00
退職金 計算 税金 役員,,0,,0.00
退職金の税金 自動計算,,0,,0.00
退職金を支払った時の税金の計算,,0,,0.00
退職金税金計算のための勤務年数,,0,,0.00
通算税金 計算 雑所得 アプリ,,0,,0.00
連結納税 税金計算,,0,,0.00
遺産分割で代表が相続するケースの税金計算,,0,,0.00
遺留分減殺 解決金 税金 計算,,0,,0.00
遺贈 税金 計算 例,,0,,0.00
遺贈による税金計算方法,,0,,0.00
配偶者 税金 計算,,0,,0.00
配当 税金 計算例,,0,,0.00
配当 税金 計算方法,,0,,0.00
配当金 税金 計算 個人,,0,,0.00
重量税 金額 計算,,0,,0.00
野球選手 税金 計算,,0,,0.00
金 税金 計算 買ったときの金額がわからない,,0,,0.00
金利 税金 計算 分岐,,0,,0.00
金地金 税金 計算,,0,,0.00
金融庁仮想通貨税金計算,,0,,0.00
金額合計 税金 計算,,0,,0.00
銀行 利子 税金 計算,,0,,0.00
銀行 金利 税金 計算,,0,,0.00
銀行金利 税金 計算,,0,,0.00
開業 税金 計算,,0,,0.00
開業feee 年間税金 計算,,0,,0.00
障害者 税金 控除 計算,,0,,0.00
障害者 車の税金の計算,,0,,0.00
障害者 車の税金の計算の仕方,,0,,0.00
雑所得 確定申告 税金 計算,,0,,0.00
雑所得 税金 計算 sarari-mann,,0,,0.00
雑所得 税金 計算 サイト,,0,,0.00
雑所得 税金 計算 ツール 事業所得赤字,,0,,0.00
雑所得 税金 計算 事業所得赤字,,0,,0.00
雑所得 税金 計算バイナリーオプション,,0,,0.00
雑所得 税金 計算表,,0,,0.00
雑所得 給与所得 税金 自動計算,,0,,0.00
雑所得税金計算サイト,,0,,0.00
青色専従者に退職金支払い税金の計算は,,0,,0.00
青色申告 税金計算方法,,0,,0.00
非居住者 税金計算,,0,,0.00
非課税 税金の計算 課税される所得金額がゼロ,,0,,0.00
韓国 税金計算書とは,,0,,0.00
預金 1000万以上 税金 計算,,0,,0.00
預金 計算 税金,,0,,0.00
預金利息 税金 個人 計算,,0,,0.00
預金利息 税金 計算 個人,,0,,0.00
飯塚市 税金 計算,,0,,0.00
飲食 配膳会の税金計算,,0,,0.00
飲食従業員の税金計算,,0,,0.00
飲食業の税金計算,,0,,0.00
飲食業従業員の税金計算,,0,,0.00
養老 保険 税金 計算,,0,,0.00
養老保険 満期保険金 税金計算,,0,,0.00
養老保険 税金 計算,,0,,0.00
馬券の税金計算,,0,,0.00
高額年収 税金計算,,0,,0.00
高額年収 税金計算趣味レーション,,0,,0.00
黒い砂漠 税金 計算,,0,,0.00
