keyword,volume,kd,intent,cpc,seed
年末 調整 還付 金 いつ,14800,27.0,Informational,N/A,年末調整 2026-07-08
年末 調整 保険 料 控除 書き方,12100,19.0,Informational,N/A,年末調整 2026-07-08
確定 申告 しない と どうなる,12100,29.0,Informational,N/A,確定申告 2026-07-08
年末 調整 しない と どうなる,5400,23.0,Informational,N/A,年末調整 2026-07-08
年末 調整 いつ 戻る,4400,27.0,Informational,N/A,年末調整 2026-07-08
年末 調整 いつ 返っ て くる,4400,25.0,Informational,N/A,年末調整 2026-07-08
年末 調整 書き方 生命 保険,4400,19.0,Informational,N/A,年末調整 2026-07-08
年末 調整 生命 保険 書き方,4400,28.0,Informational,N/A,年末調整 2026-07-08
確定 申告 医療 費 控除 いくら から,4400,29.0,Informational,N/A,確定申告 2026-07-08
確定申告いつまで 2022 延長,3600,28.0,Informational,N/A,確定申告 2026-07-08
社会 保険 料 とは,3600,30.0,Informational,N/A,社会保険料 2026-07-08
年末 調整 いくら 戻る,2900,17.0,Informational,N/A,年末調整 2026-07-08
年末 調整 いくら 返っ て くる,2900,26.0,Informational,N/A,年末調整 2026-07-08
年末 調整 いつから いつまで,2900,29.0,Informational,N/A,年末調整 2026-07-08
年金をもらいながら働く 確定申告 しない と どうなる,2900,24.0,Informational,N/A,確定申告 2026-07-08
国民 健康 保険 年末 調整 書き方,2400,26.0,Informational,N/A,年末調整 2026-07-08
年末 調整 書き方 国民 健康 保険,2400,24.0,Informational,N/A,年末調整 2026-07-08
年末 調整 県民 共済 書き方,2400,19.0,Informational,N/A,年末調整 2026-07-08
県民 共済 年末 調整 書き方,2400,17.0,Informational,N/A,年末調整 2026-07-08
住宅 ローン 確定 申告 必要 書類,2400,29.0,Informational,N/A,確定申告 2026-07-08
住宅ローン控除 確定申告 書き方 1年目,2400,30.0,Informational,N/A,確定申告 2026-07-08
年金 受給 者 確定 申告 必要 な 人,2400,30.0,Informational,N/A,確定申告 2026-07-08
確定 申告 やら ない と どうなる,2400,28.0,Informational,N/A,確定申告 2026-07-08
確定申告 戻ってくるお金 どれくらい,2400,25.0,Informational,N/A,確定申告 2026-07-08
ideco 年末 調整 書き方,1900,24.0,Informational,N/A,年末調整 2026-07-08
パート 主婦 年末 調整 書き方,1900,26.0,Informational,N/A,年末調整 2026-07-08
主婦 パート 年末 調整 書き方,1900,29.0,Informational,N/A,年末調整 2026-07-08
地震 保険 年末 調整 書き方,1900,18.0,Informational,N/A,年末調整 2026-07-08
年末 調整 いつまで 提出,1900,28.0,Informational,N/A,年末調整 2026-07-08
年末 調整 やら ない と どうなる,1900,17.0,Informational,N/A,年末調整 2026-07-08
年末 調整 地震 保険 書き方,1900,15.0,Informational,N/A,年末調整 2026-07-08
年末 調整 書き方 地震 保険,1900,16.0,Informational,N/A,年末調整 2026-07-08
年末 調整 生命 保険 料 控除 書き方,1900,27.0,Informational,N/A,年末調整 2026-07-08
年末調整 いくら戻ってくる 計算,1900,18.0,Informational,N/A,年末調整 2026-07-08
不動産 売却 確定 申告 必要 書類,1900,20.0,Informational,N/A,確定申告 2026-07-08
確定 申告 住宅 ローン 初 年度 必要 書類,1900,27.0,Informational,N/A,確定申告 2026-07-08
確定 申告 遅れ た 場合 どこ,1900,23.0,Informational,N/A,確定申告 2026-07-08
確定申告 令和3年分 いつから,1900,26.0,Informational,N/A,確定申告 2026-07-08
国民 年金 学生 親 が 払う 年末 調整 書き方,1600,23.0,Informational,N/A,年末調整 2026-07-08
年末 調整 いつ 戻っ て くる,1600,27.0,Informational,N/A,年末調整 2026-07-08
年末 調整 で 必要 な もの,1600,30.0,Informational,N/A,年末調整 2026-07-08
年末 調整 書き方 独身,1600,25.0,Informational,N/A,年末調整 2026-07-08
医療費控除 確定申告 いつまで 2023,1600,30.0,Informational,N/A,確定申告 2026-07-08
株 確定 申告 いくら から,1600,29.0,Informational,N/A,確定申告 2026-07-08
確定 申告 封筒 書き方,1600,25.0,Informational,N/A,確定申告 2026-07-08
確定申告 いつまで 2021 延長,1600,13.0,Informational,N/A,確定申告 2026-07-08
確定申告いつまで 2022,1600,21.0,Informational,N/A,確定申告 2026-07-08
年末 調整 ideco 書き方,1300,26.0,Informational,N/A,年末調整 2026-07-08
年末 調整 いくら 戻っ て くる,1300,21.0,Informational,N/A,年末調整 2026-07-08
年末 調整 で いくら 戻っ て くる,1300,24.0,Informational,N/A,年末調整 2026-07-08
年末 調整 書き方 日本 生命,1300,23.0,Navigational,N/A,年末調整 2026-07-08
年末調整とは いつからいつまで,1300,30.0,Informational,N/A,年末調整 2026-07-08
日本 生命 年末 調整 書き方,1300,27.0,Navigational,N/A,年末調整 2026-07-08
住宅ローン控除 確定申告 書き方 2年目,1300,27.0,Informational,N/A,確定申告 2026-07-08
個人 年金 確定 申告 必要 か,1300,22.0,Informational,N/A,確定申告 2026-07-08
医療 費 確定 申告 いつ,1300,21.0,Informational,N/A,確定申告 2026-07-08
医療 費 確定 申告 いつまで,1300,29.0,Informational,N/A,確定申告 2026-07-08
医療費控除 確定申告 いつまで 2022,1300,24.0,Informational,N/A,確定申告 2026-07-08
土地 売却 確定 申告 必要 書類,1300,29.0,Informational,N/A,確定申告 2026-07-08
死亡 保険 金 確定 申告 必要 か,1300,16.0,Informational,N/A,確定申告 2026-07-08
準 確定 申告 必要 な 人,1300,18.0,Informational,N/A,確定申告 2026-07-08
確定 申告 いつから 医療 費,1300,28.0,Informational,N/A,確定申告 2026-07-08
確定 申告 いつまで 医療 費,1300,29.0,Informational,N/A,確定申告 2026-07-08
確定 申告 医療 費 いつまで,1300,29.0,Informational,N/A,確定申告 2026-07-08
確定 申告 郵送 封筒 書き方,1300,24.0,Informational,N/A,確定申告 2026-07-08
確定申告 いつまで 2022 医療費控除,1300,26.0,Informational,N/A,確定申告 2026-07-08
譲渡 所得 確定 申告 必要 書類,1300,22.0,Informational,N/A,確定申告 2026-07-08
介護保険料 年末調整 65歳以上 書き方,1000,19.0,Informational,N/A,年末調整 2026-07-08
年度 途中 扶養 外れる 年末 調整 書き方,1000,30.0,Informational,N/A,年末調整 2026-07-08
年末 調整 と は いくら 返っ て くる,1000,18.0,Informational,N/A,年末調整 2026-07-08
年末 調整 何 月 から 何 月 まで,1000,27.0,Informational,N/A,年末調整 2026-07-08
年末 調整 返金 いつ,1000,17.0,Informational,N/A,年末調整 2026-07-08
年末 調整 障害 者 控除 いくら 戻る,1000,29.0,Informational,N/A,年末調整 2026-07-08
第 一 生命 年末 調整 書き方,1000,26.0,Informational,N/A,年末調整 2026-07-08
育休 中 年末 調整 書き方,1000,13.0,Informational,N/A,年末調整 2026-07-08
住宅 ローン 控除 確定 申告 いつ,1000,26.0,Informational,N/A,確定申告 2026-07-08
年金 の 確定 申告 は 必要 か,1000,29.0,Informational,N/A,確定申告 2026-07-08
年金 は 確定 申告 が 必要 か,1000,27.0,Informational,N/A,確定申告 2026-07-08
確定 申告 追加 納税 なぜ,1000,25.0,Informational,N/A,確定申告 2026-07-08
確定申告 国民健康保険 証明書 不要 なぜ,1000,17.0,Informational,N/A,確定申告 2026-07-08
確定申告いつから 2022,1000,29.0,Informational,N/A,確定申告 2026-07-08
贈与 税 確定 申告 必要 書類,1000,27.0,Informational,N/A,確定申告 2026-07-08
社会 保険 料 いつから 変わる,1000,13.0,Informational,N/A,社会保険料 2026-07-08
ja 共済 年末 調整 書き方,880,30.0,Informational,N/A,年末調整 2026-07-08
アルバイト 年末 調整 しない と どうなる,880,15.0,Informational,N/A,年末調整 2026-07-08
パート 年末 調整 しない と どうなる,880,17.0,Informational,N/A,年末調整 2026-07-08
メット ライフ 生命 年末 調整 書き方,880,27.0,Informational,N/A,年末調整 2026-07-08
住友 生命 年末 調整 書き方,880,24.0,"Informational, Transactional",N/A,年末調整 2026-07-08
個人 年金 年末 調整 書き方,880,25.0,Informational,N/A,年末調整 2026-07-08
年末 調整 住友 生命 書き方,880,28.0,Informational,N/A,年末調整 2026-07-08
年末 調整 出さ ない と どうなる,880,16.0,Informational,N/A,年末調整 2026-07-08
年末 調整 書き方 共働き,880,19.0,Informational,N/A,年末調整 2026-07-08
年末 調整 障害 者 控除 書き方,880,29.0,Informational,N/A,年末調整 2026-07-08
年末調整 障害者手帳コピー 必要か,880,29.0,Informational,N/A,年末調整 2026-07-08
ふるさと納税 確定申告 忘れた 住民税 どうなる,880,17.0,Informational,N/A,確定申告 2026-07-08
アルバイト 確定 申告 いくら から,880,23.0,Informational,N/A,確定申告 2026-07-08
医療 費 控除 確定 申告 いくら から,880,30.0,Informational,N/A,確定申告 2026-07-08
年金 確定 申告 必要 な 人,880,28.0,Informational,N/A,確定申告 2026-07-08
確定 申告 何 年 前 まで,880,27.0,Informational,N/A,確定申告 2026-07-08
遺産 相続 確定 申告 は 必要 か,880,13.0,Informational,N/A,確定申告 2026-07-08
社会 保険 料 いつ 決まる,880,20.0,Informational,N/A,社会保険料 2026-07-08
ダブル ワーク 年末 調整 しない と どうなる,720,28.0,Informational,N/A,年末調整 2026-07-08
共済 掛金 払込 証明 書 年末 調整 書き方,720,18.0,Informational,N/A,年末調整 2026-07-08
国民 年金 年末 調整 いくら 戻る,720,28.0,Informational,N/A,年末調整 2026-07-08
年末 調整 住宅 借入金 等 特別 控除 申告 書 書き方,720,29.0,Informational,N/A,年末調整 2026-07-08
年末 調整 何 が 返っ て くる,720,26.0,Informational,N/A,年末調整 2026-07-08
年末 調整 子供 の バイト 代 書き方,720,24.0,Informational,N/A,年末調整 2026-07-08
年末 調整 書き方 パート 扶養 外,720,30.0,Informational,N/A,年末調整 2026-07-08
年末 調整 還付 金 いくら,720,19.0,Informational,N/A,年末調整 2026-07-08
年末調整 前職分 合算 書き方,720,11.0,Informational,N/A,年末調整 2026-07-08
必要 経費 と は 年末 調整,720,30.0,Informational,N/A,年末調整 2026-07-08
住宅 ローン 控除 2 年 目 確定 申告 必要 書類,720,25.0,Informational,N/A,確定申告 2026-07-08
確定 申告 いつ 返っ て くる,720,30.0,Informational,N/A,確定申告 2026-07-08
確定 申告 しない と 住民 税 は どうなる,720,19.0,Informational,N/A,確定申告 2026-07-08
確定 申告 年金 受給 者 必要 書類,720,29.0,Informational,N/A,確定申告 2026-07-08
確定 申告 第 一 表 書き方,720,30.0,Informational,N/A,確定申告 2026-07-08
遺産 相続 確定 申告 いくら から,720,28.0,Informational,N/A,確定申告 2026-07-08
パート 社会 保険 料 いくら,720,26.0,Informational,N/A,社会保険料 2026-07-08
社会 保険 料 いくら 引 かれる,720,25.0,Informational,N/A,社会保険料 2026-07-08
社会 保険 料 いつまで 払う,720,25.0,Informational,N/A,社会保険料 2026-07-08
ひとり親 年末調整 いくら戻る,590,26.0,Informational,N/A,年末調整 2026-07-08
ソニー 生命 確定 年金 年末 調整 書き方,590,23.0,Informational,N/A,年末調整 2026-07-08
国保 年末 調整 書き方,590,23.0,Informational,N/A,年末調整 2026-07-08
年末 調整 いつ 会社,590,22.0,Informational,N/A,年末調整 2026-07-08
年末 調整 いつ 振り込み,590,25.0,Informational,N/A,年末調整 2026-07-08
年末 調整 し なかっ たら どうなる,590,19.0,Informational,N/A,年末調整 2026-07-08
年末 調整 どれくらい 戻っ て くる,590,22.0,Informational,N/A,年末調整 2026-07-08
年末 調整 どれくらい 返っ て くる,590,22.0,Informational,N/A,年末調整 2026-07-08
年末 調整 パート 書き方,590,27.0,Informational,N/A,年末調整 2026-07-08
年末 調整 住所 いつ 時点,590,19.0,Informational,N/A,年末調整 2026-07-08
年末 調整 保険 料 控除 いつまで,590,27.0,Informational,N/A,年末調整 2026-07-08
年末 調整 国保 書き方,590,30.0,Informational,N/A,年末調整 2026-07-08
年末 調整 振込 いつ,590,24.0,Informational,N/A,年末調整 2026-07-08
年末調整 いつまで 2021,590,21.0,Informational,N/A,年末調整 2026-07-08
年末調整 給与以外の所得 書かないとどうなる,590,25.0,Informational,N/A,年末調整 2026-07-08
年末調整 給与明細 どこを見る,590,28.0,Informational,N/A,年末調整 2026-07-08
年末調整 配偶者 扶養ではない 書き方,590,24.0,Informational,N/A,年末調整 2026-07-08
明治 安田 生命 年末 調整 書き方,590,22.0,Navigational,N/A,年末調整 2026-07-08
県民 共済 年末 調整 いつ 届く,590,13.0,Informational,N/A,年末調整 2026-07-08
3000万円特別控除 確定申告 書き方,590,16.0,Informational,N/A,確定申告 2026-07-08
バイト 確定 申告 いくら から,590,15.0,Informational,N/A,確定申告 2026-07-08
住宅 ローン 確定 申告 初 年度 必要 書類,590,25.0,Informational,N/A,確定申告 2026-07-08
住宅 取得 資金 贈与 確定 申告 必要 書類,590,17.0,Informational,N/A,確定申告 2026-07-08
準 確定 申告 付表 書き方,590,24.0,Informational,N/A,確定申告 2026-07-08
確定 申告 お金 戻っ て くる いつ,590,30.0,Informational,N/A,確定申告 2026-07-08
確定 申告 を しない と どうなる,590,27.0,Informational,N/A,確定申告 2026-07-08
確定 申告 一時 所得 書き方,590,27.0,Informational,N/A,確定申告 2026-07-08
確定 申告 住所 いつ 時点,590,25.0,Informational,N/A,確定申告 2026-07-08
確定 申告 何 歳 から,590,26.0,Informational,N/A,確定申告 2026-07-08
確定 申告 医療 費 控除 書き方 見本,590,30.0,"Informational, Transactional",N/A,確定申告 2026-07-08
確定 申告 必要 書類 住宅 ローン,590,28.0,Informational,N/A,確定申告 2026-07-08
確定 申告 忘れ たら どうなる,590,27.0,Informational,N/A,確定申告 2026-07-08
確定 申告 戻っ て くる お金 いつ,590,28.0,Informational,N/A,確定申告 2026-07-08
確定 申告 用紙 いつから もらえる,590,29.0,Informational,N/A,確定申告 2026-07-08
確定 申告 税理士 に 頼む と いくら,590,18.0,Informational,N/A,確定申告 2026-07-08
確定 申告 第 三 表 の 書き方,590,22.0,"Informational, Transactional",N/A,確定申告 2026-07-08
確定 申告 第 三 表 書き方,590,24.0,"Informational, Transactional",N/A,確定申告 2026-07-08
確定 申告 遅れ たら どうなる,590,22.0,Informational,N/A,確定申告 2026-07-08
税理士 に 確定 申告 を 頼む と いくら,590,20.0,Informational,N/A,確定申告 2026-07-08
社会保険料 何に使われる,590,27.0,Informational,N/A,社会保険料 2026-07-08
国民 共済 年末 調整 書き方,480,25.0,"Informational, Navigational",N/A,年末調整 2026-07-08
年の途中で扶養に入る 年末調整 書き方,480,28.0,Informational,N/A,年末調整 2026-07-08
年末 調整 いつ 帰っ て くる,480,23.0,Informational,N/A,年末調整 2026-07-08
年末 調整 どこで やる,480,22.0,Informational,N/A,年末調整 2026-07-08
年末 調整 保険 料 控除 いくら 戻る,480,12.0,Informational,N/A,年末調整 2026-07-08
年末 調整 地震 保険 料 控除 書き方,480,13.0,Informational,N/A,年末調整 2026-07-08
年末 調整 書き方 続柄,480,28.0,Informational,N/A,年末調整 2026-07-08
年末 調整 続柄 書き方,480,28.0,Informational,N/A,年末調整 2026-07-08
年末 調整 還付 いつ,480,27.0,Informational,N/A,年末調整 2026-07-08
年末 調整 配偶 者 特別 控除 書き方,480,25.0,Informational,N/A,年末調整 2026-07-08
年末調整 住宅ローン控除 いつまで,480,30.0,Informational,N/A,年末調整 2026-07-08
年末調整 転職した場合 書き方,480,25.0,Informational,N/A,年末調整 2026-07-08
年末調整しないとどうなる アルバイト,480,16.0,Informational,N/A,年末調整 2026-07-08
年末調整による超過税額 納付書 書き方,480,23.0,Informational,N/A,年末調整 2026-07-08
年金受給者を扶養に入れる 年末調整 書き方,480,30.0,Informational,N/A,年末調整 2026-07-08
明治 安田 生命 b スタイル 年末 調整 書き方,480,23.0,Informational,N/A,年末調整 2026-07-08
県民 共済 年末 調整 いくら 戻る,480,12.0,Informational,N/A,年末調整 2026-07-08
配偶 者 特別 控除 年末 調整 書き方,480,28.0,Informational,N/A,年末調整 2026-07-08
fx 確定 申告 いくら から,480,25.0,Informational,N/A,確定申告 2026-07-08
住宅 ローン 控除 2 年 目 確定 申告 書き方,480,27.0,Informational,N/A,確定申告 2026-07-08
住宅 ローン 控除 確定 申告 書き方,480,28.0,Informational,N/A,確定申告 2026-07-08
住宅 購入 確定 申告 必要 書類,480,23.0,Informational,N/A,確定申告 2026-07-08
医療 費 確定 申告 いくら 戻る,480,14.0,Informational,N/A,確定申告 2026-07-08
確定 申告 いつから 医療 費 控除,480,27.0,Informational,N/A,確定申告 2026-07-08
確定 申告 なぜ 必要,480,27.0,Informational,N/A,確定申告 2026-07-08
確定 申告 介護 保険 料 控除 書き方,480,21.0,Informational,N/A,確定申告 2026-07-08
確定 申告 住宅 ローン 控除 書き方,480,29.0,Informational,N/A,確定申告 2026-07-08
確定 申告 分離 課税 第 三 表 書き方,480,25.0,Informational,N/A,確定申告 2026-07-08
確定 申告 医療 費 いくら 戻る,480,24.0,Informational,N/A,確定申告 2026-07-08
確定 申告 医療 費 控除 何 年 前 まで,480,25.0,Informational,N/A,確定申告 2026-07-08
確定 申告 収入 なし 書き方,480,21.0,Informational,N/A,確定申告 2026-07-08
確定 申告 年金 必要 書類,480,30.0,Informational,N/A,確定申告 2026-07-08
確定 申告 納付 なぜ,480,25.0,Informational,N/A,確定申告 2026-07-08
確定 申告 遅れる と どうなる,480,25.0,Informational,N/A,確定申告 2026-07-08
確定 申告 障害 者 控除 必要 書類,480,16.0,Informational,N/A,確定申告 2026-07-08
確定申告 いくら戻る シュミレーション,480,27.0,Informational,N/A,確定申告 2026-07-08
遺族年金 確定申告必要か,480,20.0,Informational,N/A,確定申告 2026-07-08
社会 保険 料 変更 いつから,480,23.0,Informational,N/A,社会保険料 2026-07-08
社会 保険 料 月額 変更 いつから,480,26.0,Informational,N/A,社会保険料 2026-07-08
アルバイト 年末 調整 書き方,390,29.0,Informational,N/A,年末調整 2026-07-08
ソニー 生命 年末 調整 書き方,390,27.0,Navigational,N/A,年末調整 2026-07-08
ダブル ワーク 年末 調整 書き方,390,19.0,Informational,N/A,年末調整 2026-07-08
個人 年金 年末 調整 いくら 戻る,390,13.0,Informational,N/A,年末調整 2026-07-08
学資 保険 年末 調整 書き方,390,15.0,Informational,N/A,年末調整 2026-07-08
年末 調整 いくら,390,28.0,Informational,N/A,年末調整 2026-07-08
年末 調整 いつ 振り込ま れる,390,22.0,Informational,N/A,年末調整 2026-07-08
年末 調整 は いつから いつまで,390,25.0,Informational,N/A,年末調整 2026-07-08
年末 調整 アルバイト 書き方,390,28.0,Informational,N/A,年末調整 2026-07-08
年末 調整 マイ ナンバー 必要,390,17.0,Informational,N/A,年末調整 2026-07-08
年末 調整 保険 の 種類 書き方,390,14.0,Informational,N/A,年末調整 2026-07-08
年末 調整 保険 控除 書き方,390,20.0,Informational,N/A,年末調整 2026-07-08
年末 調整 学資 保険 書き方,390,15.0,Informational,N/A,年末調整 2026-07-08
年末 調整 必要 ない 人,390,28.0,Informational,N/A,年末調整 2026-07-08
年末 調整 書類 いつ 届く,390,25.0,Informational,N/A,年末調整 2026-07-08
年末調整 結婚 扶養に入らない 書き方,390,17.0,Informational,N/A,年末調整 2026-07-08
明治 安田 生命 年末 調整 ハガキ いつ,390,23.0,Informational,N/A,年末調整 2026-07-08
パート 確定 申告 いくら から,390,30.0,Informational,N/A,確定申告 2026-07-08
フリー ランス 確定 申告 いくら から,390,26.0,Informational,N/A,確定申告 2026-07-08
亡くなった人の確定申告は必要か,390,14.0,Informational,N/A,確定申告 2026-07-08
住宅 ローン 減税 確定 申告 必要 書類,390,28.0,Informational,N/A,確定申告 2026-07-08
個人 年金 確定 申告 書き方,390,22.0,Informational,N/A,確定申告 2026-07-08
医療 費 控除 確定 申告 いつから いつまで,390,30.0,Informational,N/A,確定申告 2026-07-08
医療 費 控除 確定 申告 で 必要 な もの,390,29.0,Informational,N/A,確定申告 2026-07-08
専従者給与をもらっている 確定申告 書き方,390,28.0,Informational,N/A,確定申告 2026-07-08
年金 の 確定 申告 必要 書類,390,27.0,Informational,N/A,確定申告 2026-07-08
法人 確定 申告 いつ,390,24.0,Informational,N/A,確定申告 2026-07-08
確定 申告 いくら から バイト,390,25.0,Informational,N/A,確定申告 2026-07-08
確定 申告 が 必要 な 人 と は,390,30.0,Informational,N/A,確定申告 2026-07-08
確定 申告 レシート どこまで,390,17.0,Informational,N/A,確定申告 2026-07-08
確定 申告 不動産 所得 書き方,390,26.0,Informational,N/A,確定申告 2026-07-08
確定 申告 住宅 ローン 減税 必要 書類,390,25.0,Informational,N/A,確定申告 2026-07-08
確定 申告 個人 年金 書き方,390,22.0,Informational,N/A,確定申告 2026-07-08
確定 申告 医療 費 控除 いつから いつまで,390,30.0,Informational,N/A,確定申告 2026-07-08
確定 申告 書類 いつ 届く,390,30.0,Informational,N/A,確定申告 2026-07-08
確定 申告 間違え たら どうなる,390,25.0,Informational,N/A,確定申告 2026-07-08
確定申告 帳簿の種類 どれを選ぶ,390,24.0,Informational,N/A,確定申告 2026-07-08
ふるさと納税 年末調整 ワンストップ いつまで,320,28.0,Informational,N/A,年末調整 2026-07-08
パート掛け持ち 年末調整 書き方,320,26.0,Informational,N/A,年末調整 2026-07-08
富国 生命 年末 調整 書き方,320,19.0,Navigational,N/A,年末調整 2026-07-08
年末 調整 いつの 給与,320,27.0,Informational,N/A,年末調整 2026-07-08
年末 調整 どれくらい 戻る,320,26.0,Informational,N/A,年末調整 2026-07-08
年末 調整 の お金 は いつ 入る,320,24.0,Informational,N/A,年末調整 2026-07-08
年末 調整 の 戻り は いつ,320,24.0,Informational,N/A,年末調整 2026-07-08
年末 調整 を しない と どうなる,320,16.0,Informational,N/A,年末調整 2026-07-08
年末 調整 副業 書き方,320,29.0,Informational,N/A,年末調整 2026-07-08
年末 調整 戻り いつ,320,24.0,Informational,N/A,年末調整 2026-07-08
年末 調整 書き方 アルバイト,320,28.0,Informational,N/A,年末調整 2026-07-08
年末 調整 書き方 扶養 内,320,28.0,Informational,N/A,年末調整 2026-07-08
年末 調整 書き方 見本 パート,320,28.0,Informational,N/A,年末調整 2026-07-08
年末調整 戻ってくる金額 いつ,320,20.0,Informational,N/A,年末調整 2026-07-08
東京 海上 日動 あんしん 生命 年末 調整 書き方,320,18.0,Informational,N/A,年末調整 2026-07-08
源泉 徴収 票 年末 調整 済み か どうか,320,28.0,Informational,N/A,年末調整 2026-07-08
生命 保険 年末 調整 いくら 戻る,320,12.0,Informational,N/A,年末調整 2026-07-08
都民 共済 年末 調整 書き方,320,22.0,Informational,N/A,年末調整 2026-07-08
ダブル ワーク 確定 申告 書き方,320,28.0,Informational,N/A,確定申告 2026-07-08
マンション 売却 確定 申告 必要 書類,320,20.0,Informational,N/A,確定申告 2026-07-08
一時 所得 確定 申告 必要 書類,320,22.0,Informational,N/A,確定申告 2026-07-08
不動産 所得 確定 申告 必要 書類,320,21.0,Informational,N/A,確定申告 2026-07-08
医療 費 控除 確定 申告 いつから,320,29.0,Informational,N/A,確定申告 2026-07-08
医療 費 控除 確定 申告 交通 費 書き方,320,17.0,Informational,N/A,確定申告 2026-07-08
医療 費 確定 申告 いつから いつまで,320,30.0,Informational,N/A,確定申告 2026-07-08
医療費控除 確定申告 必要書類 2022,320,30.0,"Informational, Transactional",N/A,確定申告 2026-07-08
医療費控除確定申告 いつまで 2021,320,23.0,Informational,N/A,確定申告 2026-07-08
国民 健康 保険 確定 申告 書き方,320,20.0,Informational,N/A,確定申告 2026-07-08
家賃 収入 確定 申告 必要 書類,320,22.0,Informational,N/A,確定申告 2026-07-08
年金 生活 確定 申告 必要 か,320,30.0,Informational,N/A,確定申告 2026-07-08
必要 経費 確定 申告,320,25.0,Informational,N/A,確定申告 2026-07-08
株 確定 申告 必要 書類,320,28.0,Informational,N/A,確定申告 2026-07-08
業務 委託 確定 申告 必要 書類,320,23.0,Informational,N/A,確定申告 2026-07-08
減価 償却 確定 申告 書き方,320,26.0,Informational,N/A,確定申告 2026-07-08
準 確定 申告 委任 状 書き方,320,28.0,Informational,N/A,確定申告 2026-07-08
準 確定 申告 納付 書 書き方,320,17.0,Informational,N/A,確定申告 2026-07-08
無職 確定 申告 必要,320,28.0,Informational,N/A,確定申告 2026-07-08
特定 口座 年間 取引 報告 書 確定 申告 書き方,320,27.0,Informational,N/A,確定申告 2026-07-08
確定 申告 さかのぼっ て 申告 必要 書類,320,30.0,Informational,N/A,確定申告 2026-07-08
確定 申告 どこ の 税務署 でも いい の,320,28.0,Informational,N/A,確定申告 2026-07-08
確定 申告 の 必要 な 人,320,28.0,Informational,N/A,確定申告 2026-07-08
確定 申告 の 必要 な 人 年金 受給 者,320,29.0,Informational,N/A,確定申告 2026-07-08
確定 申告 マンション 売却 必要 書類,320,20.0,Informational,N/A,確定申告 2026-07-08
確定 申告 不動産 所得 必要 書類,320,30.0,Informational,N/A,確定申告 2026-07-08
確定 申告 交通 費 書き方,320,15.0,Informational,N/A,確定申告 2026-07-08
確定 申告 何 年 前 まで さかのぼれ る,320,26.0,Informational,N/A,確定申告 2026-07-08
確定 申告 修正 申告 いつまで,320,25.0,Informational,N/A,確定申告 2026-07-08
確定 申告 医療 費 いつから いつまで,320,27.0,Informational,N/A,確定申告 2026-07-08
確定 申告 医療 費 控除 交通 費 書き方,320,16.0,Informational,N/A,確定申告 2026-07-08
確定 申告 国民 健康 保険 書き方,320,17.0,Informational,N/A,確定申告 2026-07-08
確定 申告 家賃 収入 必要 書類,320,21.0,Informational,N/A,確定申告 2026-07-08
確定 申告 必要 経費,320,24.0,Informational,N/A,確定申告 2026-07-08
確定 申告 無職 必要,320,29.0,Informational,N/A,確定申告 2026-07-08
確定 申告 白色 申告 必要 書類,320,24.0,Informational,N/A,確定申告 2026-07-08
社会 保険 料 いつから 引 かれる,320,10.0,Informational,N/A,社会保険料 2026-07-08
社会 保険 料 と は 何 か,320,28.0,Informational,N/A,社会保険料 2026-07-08
社会 保険 料 パート いくら,320,25.0,Informational,N/A,社会保険料 2026-07-08
社会 保険 料 何,320,30.0,Informational,N/A,社会保険料 2026-07-08
社会 保険 料 何 月,320,25.0,Informational,N/A,社会保険料 2026-07-08
社会 保険 料 何 月 から 変わる,320,15.0,Informational,N/A,社会保険料 2026-07-08
社会 保険 料 払わ ない と どうなる,320,14.0,Informational,N/A,社会保険料 2026-07-08
賞与 社会 保険 料 いつから,320,26.0,Informational,N/A,社会保険料 2026-07-08
ふるさと 納税 年末 調整 書き方,260,25.0,Informational,N/A,年末調整 2026-07-08
介護 医療 保険 料 年末 調整 書き方,260,16.0,Informational,N/A,年末調整 2026-07-08
介護医療保険とは 年末調整,260,17.0,Informational,N/A,年末調整 2026-07-08
会社 年末 調整 いつ,260,29.0,Informational,N/A,年末調整 2026-07-08
住宅 ローン 年末 調整 必要 書類,260,30.0,Informational,N/A,年末調整 2026-07-08
年末 調整 いつ かえって くる,260,24.0,Informational,N/A,年末調整 2026-07-08
年末 調整 いつ 還付,260,25.0,Informational,N/A,年末調整 2026-07-08
年末 調整 いつまで の 給与,260,30.0,Informational,N/A,年末調整 2026-07-08
年末 調整 お金 戻っ て くる いつ,260,22.0,Informational,N/A,年末調整 2026-07-08
年末 調整 なぜ 必要,260,16.0,Informational,N/A,年末調整 2026-07-08
年末 調整 パート 扶養 内 書き方,260,27.0,Informational,N/A,年末調整 2026-07-08
年末 調整 介護 医療 保険 料 書き方,260,21.0,Informational,N/A,年末調整 2026-07-08
年末 調整 勤労 学生 書き方,260,18.0,Informational,N/A,年末調整 2026-07-08
年末 調整 子供 の 年金 控除 書き方,260,28.0,Informational,N/A,年末調整 2026-07-08
年末 調整 封筒 書き方,260,21.0,Informational,N/A,年末調整 2026-07-08
年末 調整 書き方 転職,260,23.0,Informational,N/A,年末調整 2026-07-08
年末 調整 源泉 徴収 票 書き方,260,28.0,Commercial,N/A,年末調整 2026-07-08
年末 調整 独身 書き方,260,27.0,Informational,N/A,年末調整 2026-07-08
年末 調整 確定 申告 いつまで,260,27.0,Informational,N/A,年末調整 2026-07-08
年末 調整 還付 金 給与 明細 書き方,260,15.0,Informational,N/A,年末調整 2026-07-08
年末 調整 障害 者 書き方,260,28.0,Informational,N/A,年末調整 2026-07-08
年末調整 いくら戻ってきた 独身,260,24.0,Informational,N/A,年末調整 2026-07-08
年末調整 収入金額とは いつからいつまで,260,27.0,Informational,N/A,年末調整 2026-07-08
特別支給の老齢厚生年金 年末調整 書き方,260,30.0,Informational,N/A,年末調整 2026-07-08
転職 年末 調整 書き方,260,29.0,Informational,N/A,年末調整 2026-07-08
パート 確定 申告 書き方,260,29.0,Informational,N/A,確定申告 2026-07-08
一般 口座 確定 申告 必要 書類,260,27.0,Informational,N/A,確定申告 2026-07-08
企業 年金 確定 申告 必要 か,260,13.0,Informational,N/A,確定申告 2026-07-08
国民 年金 確定 申告 いくら 戻る,260,27.0,Informational,N/A,確定申告 2026-07-08
国民 年金 確定 申告 書き方,260,24.0,Informational,N/A,確定申告 2026-07-08
失業 保険 確定 申告 必要,260,17.0,Informational,N/A,確定申告 2026-07-08
年金 受給 者 確定 申告 医療 費 控除 書き方,260,14.0,Informational,N/A,確定申告 2026-07-08
株 売却 確定 申告 必要 書類,260,24.0,Informational,N/A,確定申告 2026-07-08
業務 委託 確定 申告 いくら から,260,18.0,Informational,N/A,確定申告 2026-07-08
確定 申告 いつから 準備,260,25.0,Informational,N/A,確定申告 2026-07-08
確定 申告 パート 書き方,260,29.0,Informational,N/A,確定申告 2026-07-08
確定 申告 不動産 売却 必要 書類,260,19.0,Informational,N/A,確定申告 2026-07-08
確定 申告 何 年 保管,260,19.0,Informational,N/A,確定申告 2026-07-08
確定 申告 何 月 から 何 月 まで の 収入,260,30.0,Informational,N/A,確定申告 2026-07-08
確定 申告 医療 費 控除 いつ 戻る,260,20.0,Informational,N/A,確定申告 2026-07-08
確定 申告 医療 費 控除 還付 金 いつ,260,16.0,Informational,N/A,確定申告 2026-07-08
確定 申告 国民 健康 保険 いつから いつまで,260,19.0,Informational,N/A,確定申告 2026-07-08
確定 申告 地震 保険 料 控除 書き方,260,16.0,Informational,N/A,確定申告 2026-07-08
確定 申告 年収 どこ,260,28.0,Informational,N/A,確定申告 2026-07-08
確定 申告 必要 か どうか,260,28.0,Informational,N/A,確定申告 2026-07-08
確定 申告 必要 書類 株,260,28.0,Informational,N/A,確定申告 2026-07-08
確定 申告 必要 経費 と は,260,27.0,Informational,N/A,確定申告 2026-07-08
確定 申告 株 いくら から,260,28.0,Informational,N/A,確定申告 2026-07-08
確定 申告 株 必要 書類,260,23.0,Informational,N/A,確定申告 2026-07-08
確定 申告 株式 譲渡 益 書き方,260,30.0,Informational,N/A,確定申告 2026-07-08
確定 申告 経費 いくら まで,260,19.0,Informational,N/A,確定申告 2026-07-08
確定 申告 赤字 書き方,260,25.0,Informational,N/A,確定申告 2026-07-08
確定 申告 退職 必要 書類,260,29.0,Informational,N/A,確定申告 2026-07-08
確定 申告 退職 金 書き方,260,28.0,Informational,N/A,確定申告 2026-07-08
確定 申告 還付 金 どれくらい,260,26.0,Informational,N/A,確定申告 2026-07-08
確定申告 令和 3年分 いつから,260,28.0,Informational,N/A,確定申告 2026-07-08
税務署 確定 申告 必要 な もの,260,30.0,Informational,N/A,確定申告 2026-07-08
退職 金 確定 申告 書き方,260,24.0,Informational,N/A,確定申告 2026-07-08
中途 入社 社会 保険 料 いつから,260,10.0,Informational,N/A,社会保険料 2026-07-08
公務員 社会 保険 料 いくら,260,12.0,Informational,N/A,社会保険料 2026-07-08
育休 明け 社会 保険 料 徴収 いつから,260,14.0,Informational,N/A,社会保険料 2026-07-08
ja 共済 年末 調整 ハガキ いつ,210,26.0,"Informational, Navigational",N/A,年末調整 2026-07-08
ふるさと 納税 いつまで 年末 調整,210,20.0,Informational,N/A,年末調整 2026-07-08
住友 生命 年末 調整 いつ 届く,210,22.0,Informational,N/A,年末調整 2026-07-08
全国 生協 連 年末 調整 書き方,210,19.0,Informational,N/A,年末調整 2026-07-08
全国 生活 協同 組合 連合 会 年末 調整 書き方,210,11.0,Informational,N/A,年末調整 2026-07-08
公務員 年末 調整 いつ,210,30.0,Informational,N/A,年末調整 2026-07-08
年末 調整 いくら 帰っ て くる,210,21.0,Informational,N/A,年末調整 2026-07-08
年末 調整 どこに 出す,210,30.0,Informational,N/A,年末調整 2026-07-08
年末 調整 バイト 書き方,210,29.0,Informational,N/A,年末調整 2026-07-08
年末 調整 何 月 の 給料,210,23.0,Informational,N/A,年末調整 2026-07-08
年末 調整 収入 いつから いつまで,210,24.0,Informational,N/A,年末調整 2026-07-08
年末 調整 後期 高齢 者 医療 保険 料 書き方,210,29.0,Informational,N/A,年末調整 2026-07-08
年末 調整 扶養 内 パート 書き方,210,29.0,Informational,N/A,年末調整 2026-07-08
年末 調整 書き方 バイト,210,24.0,Informational,N/A,年末調整 2026-07-08
年末 調整 書き方 保険 控除,210,24.0,Informational,N/A,年末調整 2026-07-08
年末 調整 書き方 配偶 者,210,22.0,Informational,N/A,年末調整 2026-07-08
年末 調整 生命 保険 控除 の 書き方,210,18.0,Informational,N/A,年末調整 2026-07-08
年末 調整 生年 月 日 書き方,210,29.0,Informational,N/A,年末調整 2026-07-08
年末 調整 確定 拠出 年金 書き方,210,16.0,Informational,N/A,年末調整 2026-07-08
年末 調整 還付 金 いつ もらえる,210,23.0,Informational,N/A,年末調整 2026-07-08
年末 調整 還付 金 どこ を 見る,210,24.0,Informational,N/A,年末調整 2026-07-08
年末調整 いくら戻ってくる シュミレーション,210,24.0,Informational,N/A,年末調整 2026-07-08
年末調整 会社がやってくれる場合 いつまで,210,23.0,Informational,N/A,年末調整 2026-07-08
年末調整 住所違う どうなる,210,15.0,Informational,N/A,年末調整 2026-07-08
年末調整 保険 切り替え 書き方,210,23.0,Informational,N/A,年末調整 2026-07-08
年末調整 給与所得 何月から何月まで,210,28.0,Informational,N/A,年末調整 2026-07-08
府民 共済 年末 調整 書き方,210,21.0,Informational,N/A,年末調整 2026-07-08
東京 海上 日動 地震 保険 年末 調整 書き方,210,15.0,Informational,N/A,年末調整 2026-07-08
確定 拠出 年金 年末 調整 書き方,210,13.0,Informational,N/A,年末調整 2026-07-08
ふるさと 納税 確定 申告 いつ,210,28.0,Informational,N/A,確定申告 2026-07-08
ふるさと納税 確定申告 いつまで 2021,210,18.0,Informational,N/A,確定申告 2026-07-08
アルバイト 確定 申告 必要,210,18.0,Informational,N/A,確定申告 2026-07-08
アルバイト 確定 申告 必要 書類,210,18.0,Informational,N/A,確定申告 2026-07-08
一時 所得 確定 申告 いくら から,210,29.0,Informational,N/A,確定申告 2026-07-08
不動産 所得 確定 申告 書き方,210,27.0,Informational,N/A,確定申告 2026-07-08
住宅 控除 確定 申告 必要 書類,210,26.0,Informational,N/A,確定申告 2026-07-08
住宅 確定 申告 必要 書類,210,25.0,Informational,N/A,確定申告 2026-07-08
住宅 購入 確定 申告 いつ,210,30.0,Informational,N/A,確定申告 2026-07-08
保険 外交 員 確定 申告 いくら 戻る,210,15.0,Informational,N/A,確定申告 2026-07-08
失業 保険 確定 申告 書き方,210,12.0,Informational,N/A,確定申告 2026-07-08
家 の 売却 確定 申告 必要 書類,210,19.0,Informational,N/A,確定申告 2026-07-08
家 売却 確定 申告 必要 書類,210,21.0,Informational,N/A,確定申告 2026-07-08
年金 確定 申告 必要,210,29.0,Informational,N/A,確定申告 2026-07-08
投資 確定 申告 いくら から,210,19.0,Informational,N/A,確定申告 2026-07-08
生前 贈与 確定 申告 必要 書類,210,12.0,Informational,N/A,確定申告 2026-07-08
白色 確定 申告 必要 書類,210,24.0,Informational,N/A,確定申告 2026-07-08
相続 確定 申告 必要,210,17.0,Informational,N/A,確定申告 2026-07-08
相続 確定 申告 必要 か,210,4.0,Informational,N/A,確定申告 2026-07-08
確定 申告 ideco 書き方,210,25.0,Informational,N/A,確定申告 2026-07-08
確定 申告 いつ 払う,210,28.0,Informational,N/A,確定申告 2026-07-08
確定 申告 しない と どうなる アルバイト,210,16.0,Informational,N/A,確定申告 2026-07-08
確定 申告 ローン 控除 必要 書類,210,24.0,Informational,N/A,確定申告 2026-07-08
確定 申告 住宅 必要 書類,210,27.0,Informational,N/A,確定申告 2026-07-08
確定 申告 出さ ない と どうなる,210,26.0,Informational,N/A,確定申告 2026-07-08
確定 申告 医療 費 控除 明細 書 書き方,210,29.0,Informational,N/A,確定申告 2026-07-08
確定 申告 土地 売却 必要 書類,210,22.0,Informational,N/A,確定申告 2026-07-08
確定 申告 地代 家賃 書き方,210,24.0,Informational,N/A,確定申告 2026-07-08
確定 申告 必要 な 人 パート,210,24.0,Informational,N/A,確定申告 2026-07-08
確定 申告 必要 書類 白色,210,24.0,Informational,N/A,確定申告 2026-07-08
確定 申告 新築 必要 書類,210,24.0,Informational,N/A,確定申告 2026-07-08
確定 申告 白色 必要 書類,210,30.0,Informational,N/A,確定申告 2026-07-08
確定 申告 経費 どこまで,210,25.0,Informational,N/A,確定申告 2026-07-08
確定 申告 遡り 何 年,210,25.0,Informational,N/A,確定申告 2026-07-08
確定 申告 還付 いつまで,210,30.0,Informational,N/A,確定申告 2026-07-08
確定 申告 郵送 書き方,210,25.0,Informational,N/A,確定申告 2026-07-08
確定申告 予定納税額 源泉徴収票 どこ,210,28.0,Informational,N/A,確定申告 2026-07-08
確定申告 医療費控除 いつまで 2021,210,25.0,Informational,N/A,確定申告 2026-07-08
福岡 市 確定 申告 必要 な もの,210,28.0,Informational,N/A,確定申告 2026-07-08
自 営業 確定 申告 いくら から,210,26.0,Informational,N/A,確定申告 2026-07-08
退職 後 の 確定 申告 必要 書類,210,28.0,Informational,N/A,確定申告 2026-07-08
退職 所得 確定 申告 必要 な 場合,210,24.0,Informational,N/A,確定申告 2026-07-08
長期 優良 住宅 確定 申告 必要 書類,210,27.0,Informational,N/A,確定申告 2026-07-08
障害 者 控除 確定 申告 必要 書類,210,16.0,Informational,N/A,確定申告 2026-07-08
社会 保険 料 何 歳 まで,210,18.0,Informational,N/A,社会保険料 2026-07-08
あいおい ニッセイ 地震 保険 年末 調整 書き方,170,16.0,Informational,N/A,年末調整 2026-07-08
ジブラルタ 生命 年末 調整 書き方,170,17.0,Navigational,N/A,年末調整 2026-07-08
ジブラルタル 生命 年末 調整 書き方,170,18.0,Informational,N/A,年末調整 2026-07-08
バイト 年末 調整 しない と どうなる,170,10.0,Informational,N/A,年末調整 2026-07-08
メディケア 生命 年末 調整 書き方,170,19.0,Informational,N/A,年末調整 2026-07-08
三井 住友 海上 あいおい 生命 年末 調整 書き方,170,22.0,Informational,N/A,年末調整 2026-07-08
三井 住友 海上 火災 保険 年末 調整 書き方,170,28.0,Navigational,N/A,年末調整 2026-07-08
国民 健康 保険 料 年末 調整 書き方,170,23.0,Informational,N/A,年末調整 2026-07-08
地震 保険 年末 調整 いくら 戻る,170,13.0,Informational,N/A,年末調整 2026-07-08
年末 調整 いつ やる,170,25.0,Informational,N/A,年末調整 2026-07-08
年末 調整 いつまで に 出す,170,25.0,Informational,N/A,年末調整 2026-07-08
年末 調整 いつまで 在籍,170,16.0,Informational,N/A,年末調整 2026-07-08
年末 調整 どれくらい,170,29.0,Informational,N/A,年末調整 2026-07-08
年末 調整 の 書き方 記入 例,170,29.0,Informational,N/A,年末調整 2026-07-08
年末 調整 介護 保険 料 控除 書き方,170,18.0,Informational,N/A,年末調整 2026-07-08
年末 調整 介護 保険 料 書き方,170,22.0,Informational,N/A,年末調整 2026-07-08
年末 調整 住宅 ローン 控除 2 年 目 書き方,170,18.0,Informational,N/A,年末調整 2026-07-08
年末 調整 保険 料 控除 申告 書 書き方,170,22.0,Informational,N/A,年末調整 2026-07-08
年末 調整 保険 期間 書き方,170,12.0,Informational,N/A,年末調整 2026-07-08
年末 調整 共働き 妻 書き方,170,23.0,Informational,N/A,年末調整 2026-07-08
年末 調整 国民 健康 保険 料 書き方,170,28.0,Informational,N/A,年末調整 2026-07-08
年末 調整 年収 いつから いつまで,170,23.0,Informational,N/A,年末調整 2026-07-08
年末 調整 必要 書類 一覧,170,17.0,Informational,N/A,年末調整 2026-07-08
年末 調整 扶養 パート 書き方,170,30.0,Informational,N/A,年末調整 2026-07-08
年末 調整 扶養 控除 申告 書 書き方,170,30.0,Informational,N/A,年末調整 2026-07-08
年末 調整 書き方 世帯 主,170,18.0,Informational,N/A,年末調整 2026-07-08
年末 調整 書き方 個人 番号,170,20.0,Informational,N/A,年末調整 2026-07-08
年末 調整 郵送 封筒 書き方,170,18.0,Informational,N/A,年末調整 2026-07-08
年末調整 差し引き保険料とは,170,25.0,Informational,N/A,年末調整 2026-07-08
年末調整 追加徴収 いくら,170,25.0,Informational,N/A,年末調整 2026-07-08
朝日 生命 年末 調整 書き方,170,26.0,Informational,N/A,年末調整 2026-07-08
東京 海上 日動 年末 調整 書き方,170,11.0,Informational,N/A,年末調整 2026-07-08
東京 海上 日動 火災 保険 年末 調整 書き方,170,13.0,Informational,N/A,年末調整 2026-07-08
社会 保険 料 年末 調整 書き方,170,24.0,Informational,N/A,年末調整 2026-07-08
nisa 確定 申告 必要,170,18.0,Informational,N/A,確定申告 2026-07-08
ハンドメイド 確定 申告 いくら から,170,8.0,Informational,N/A,確定申告 2026-07-08
フリーター 確定 申告 いくら から,170,17.0,Informational,N/A,確定申告 2026-07-08
会社 員 確定 申告 必要 な 場合,170,25.0,Informational,N/A,確定申告 2026-07-08
住宅 ローン 確定 申告 いつ,170,27.0,Informational,N/A,確定申告 2026-07-08
先物 取引 確定 申告 書き方,170,26.0,Informational,N/A,確定申告 2026-07-08
医療 費 控除 確定 申告 いくら 戻る,170,29.0,Informational,N/A,確定申告 2026-07-08
国民 健康 保険 料 確定 申告 書き方,170,21.0,Informational,N/A,確定申告 2026-07-08
専業 主婦 確定 申告 必要,170,11.0,Informational,N/A,確定申告 2026-07-08
年金 受給 者 確定 申告 が 必要 な 人,170,26.0,Informational,N/A,確定申告 2026-07-08
年金 生活 者 確定 申告 必要 か,170,24.0,Informational,N/A,確定申告 2026-07-08
死亡 保険 金 確定 申告 必要 書類,170,14.0,Informational,N/A,確定申告 2026-07-08
無職 確定 申告 必要 書類,170,25.0,Informational,N/A,確定申告 2026-07-08
無職 確定 申告 書き方,170,30.0,Informational,N/A,確定申告 2026-07-08
相続 した 土地 売却 確定 申告 必要 書類,170,16.0,Informational,N/A,確定申告 2026-07-08
確定 申告 いつまで 医療 費 控除,170,29.0,Informational,N/A,確定申告 2026-07-08
確定 申告 しない と どうなる 会社 員,170,24.0,Informational,N/A,確定申告 2026-07-08
確定 申告 どこで する の,170,30.0,Informational,N/A,確定申告 2026-07-08
確定 申告 やら なかっ たら どうなる,170,29.0,Informational,N/A,確定申告 2026-07-08
確定 申告 を 税理士 に 頼む と いくら,170,15.0,Informational,N/A,確定申告 2026-07-08
確定 申告 バイト いくら から,170,23.0,Informational,N/A,確定申告 2026-07-08
確定 申告 住宅 ローン 控除 初 年度 必要 書類,170,21.0,Informational,N/A,確定申告 2026-07-08
確定 申告 何 年 さかのぼれ る,170,24.0,Informational,N/A,確定申告 2026-07-08
確定 申告 保険 料 控除 いくら 戻る,170,16.0,Informational,N/A,確定申告 2026-07-08
確定 申告 修正 いつまで,170,29.0,Informational,N/A,確定申告 2026-07-08
確定 申告 医療 費 いくら から,170,25.0,Informational,N/A,確定申告 2026-07-08
確定 申告 延滞 税 いくら,170,29.0,Informational,N/A,確定申告 2026-07-08
確定 申告 必要 書類 住宅 ローン 控除,170,30.0,Informational,N/A,確定申告 2026-07-08
確定 申告 必要 書類 無職,170,25.0,Informational,N/A,確定申告 2026-07-08
確定 申告 必要 書類 郵送,170,30.0,Informational,N/A,確定申告 2026-07-08
確定 申告 忘れる と どうなる,170,29.0,Informational,N/A,確定申告 2026-07-08
確定 申告 更正 の 請求 書き方,170,30.0,"Informational, Transactional",N/A,確定申告 2026-07-08
確定 申告 源泉 徴収 票 いつの,170,26.0,Informational,N/A,確定申告 2026-07-08
確定 申告 無職 必要 書類,170,25.0,Informational,N/A,確定申告 2026-07-08
確定 申告 貸借 対照 表 書き方,170,22.0,Informational,N/A,確定申告 2026-07-08
確定 申告 転職 源泉 徴収 票 2 枚 書き方,170,13.0,Informational,N/A,確定申告 2026-07-08
確定 申告 退職 所得 書き方,170,29.0,Informational,N/A,確定申告 2026-07-08
確定 申告 雑 所得 経費 書き方,170,24.0,Informational,N/A,確定申告 2026-07-08
確定 申告 頼む と いくら,170,18.0,Informational,N/A,確定申告 2026-07-08
確定申告 不備 連絡 いつ,170,6.0,Informational,N/A,確定申告 2026-07-08
確定申告いつから 2021,170,29.0,Informational,N/A,確定申告 2026-07-08
貸借 対照 表 確定 申告 書き方,170,26.0,Informational,N/A,確定申告 2026-07-08
退職 所得 確定 申告 書き方,170,26.0,"Informational, Transactional",N/A,確定申告 2026-07-08
退職 金 確定 申告 必要,170,23.0,Informational,N/A,確定申告 2026-07-08
障害 年金 確定 申告 必要 か,170,4.0,Informational,N/A,確定申告 2026-07-08
障害 者 控除 確定 申告 書き方,170,17.0,Informational,N/A,確定申告 2026-07-08
高齢 者 確定 申告 必要,170,29.0,Informational,N/A,確定申告 2026-07-08
休職 中 社会 保険 料 いくら,170,8.0,Informational,N/A,社会保険料 2026-07-08
社会 保険 料 は 何 歳 まで 払う,170,19.0,Informational,N/A,社会保険料 2026-07-08
社会 保険 料 何 割 負担,170,16.0,Informational,N/A,社会保険料 2026-07-08
社会 保険 料 給料 の 何 割,170,25.0,Informational,N/A,社会保険料 2026-07-08
社会 保険 料 随時 改定 いつから,170,15.0,Informational,N/A,社会保険料 2026-07-08
aig 損害 保険 年末 調整 書き方,140,16.0,Informational,N/A,年末調整 2026-07-08
アクサ 生命 年末 調整 書き方,140,17.0,Navigational,N/A,年末調整 2026-07-08
会社 年末 調整 いつまで,140,20.0,Informational,N/A,年末調整 2026-07-08
住宅 ローン 控除 年末 調整 還付 金 いつ,140,9.0,Informational,N/A,年末調整 2026-07-08
共働き 年末 調整 書き方,140,14.0,Informational,N/A,年末調整 2026-07-08
共済 年末 調整 書き方,140,15.0,Informational,N/A,年末調整 2026-07-08
太陽 生命 年末 調整 書き方,140,25.0,Informational,N/A,年末調整 2026-07-08
年末 調整 いつ 来る,140,26.0,Informational,N/A,年末調整 2026-07-08
年末 調整 いつ 頃,140,28.0,Informational,N/A,年末調整 2026-07-08
年末 調整 は いつ 入る,140,20.0,Informational,N/A,年末調整 2026-07-08
年末 調整 パート 103 万 以上 書き方,140,24.0,Informational,N/A,年末調整 2026-07-08
年末 調整 中途 入社 源泉 徴収 票 書き方,140,17.0,Informational,N/A,年末調整 2026-07-08
年末 調整 住宅 ローン 控除 いつ 戻っ て くる,140,18.0,Informational,N/A,年末調整 2026-07-08
年末 調整 団体 保険 書き方,140,23.0,Informational,N/A,年末調整 2026-07-08
年末 調整 戻っ て くる いつ,140,22.0,Informational,N/A,年末調整 2026-07-08
年末 調整 戻り 金 いつ,140,25.0,Informational,N/A,年末調整 2026-07-08
年末 調整 扶養 控除 いくら 戻る,140,26.0,Informational,N/A,年末調整 2026-07-08
年末 調整 書か ない と どうなる,140,15.0,Informational,N/A,年末調整 2026-07-08
年末 調整 書き方 わかり やすく,140,26.0,Informational,N/A,年末調整 2026-07-08
年末 調整 書き方 アルバイト 学生,140,30.0,Informational,N/A,年末調整 2026-07-08
年末 調整 書き方 県民 共済,140,13.0,Informational,N/A,年末調整 2026-07-08
年末 調整 書き方 第 一 生命,140,22.0,Navigational,N/A,年末調整 2026-07-08
年末 調整 社会 保険 料 控除 国民 健康 保険 書き方,140,29.0,Informational,N/A,年末調整 2026-07-08
年末 調整 社会 保険 料 書き方,140,21.0,Informational,N/A,年末調整 2026-07-08
年末 調整 返っ て くる いつ,140,22.0,Informational,N/A,年末調整 2026-07-08
年末 調整 配偶 者 控除 いくら 戻る,140,30.0,Informational,N/A,年末調整 2026-07-08
年末調整 医療費控除 いくら戻る,140,26.0,Informational,N/A,年末調整 2026-07-08
年末調整給与所得以外の所得とは,140,14.0,Informational,N/A,年末調整 2026-07-08
確定 年金 年末 調整 書き方,140,28.0,Informational,N/A,年末調整 2026-07-08
確定 拠出 年金 年末 調整 いくら 戻る,140,13.0,Informational,N/A,年末調整 2026-07-08
退職 所得 年末 調整 書き方,140,23.0,Informational,N/A,年末調整 2026-07-08
障害年金 年末調整 書き方,140,29.0,Informational,N/A,年末調整 2026-07-08
fx 確定 申告 しない と どうなる,140,19.0,Informational,N/A,確定申告 2026-07-08
youtube 確定 申告 いくら から,140,11.0,Informational,N/A,確定申告 2026-07-08
コープ 共済 確定 申告 書き方,140,29.0,Informational,N/A,確定申告 2026-07-08
ストック オプション 確定 申告 必要 書類,140,27.0,Informational,N/A,確定申告 2026-07-08
メルカリ 確定 申告 必要,140,18.0,Informational,N/A,確定申告 2026-07-08
不動産 収入 確定 申告 いくら から,140,14.0,Informational,N/A,確定申告 2026-07-08
中古 住宅 購入 確定 申告 必要 書類,140,6.0,Informational,N/A,確定申告 2026-07-08
中途 退職 確定 申告 書き方,140,29.0,Informational,N/A,確定申告 2026-07-08
予定 納税 確定 申告 書き方,140,23.0,Informational,N/A,確定申告 2026-07-08
住宅 ローン 初 年度 確定 申告 必要 書類,140,29.0,Informational,N/A,確定申告 2026-07-08
傷病 手当 金 確定 申告 必要,140,11.0,Informational,N/A,確定申告 2026-07-08
内職 確定 申告 いくら から,140,23.0,Informational,N/A,確定申告 2026-07-08
副業 の 確定 申告 必要 書類,140,28.0,Informational,N/A,確定申告 2026-07-08
土地 贈与 確定 申告 必要 書類,140,26.0,Informational,N/A,確定申告 2026-07-08
失業 手当 確定 申告 必要,140,11.0,Informational,N/A,確定申告 2026-07-08
実家 売却 確定 申告 必要 書類,140,20.0,Informational,N/A,確定申告 2026-07-08
家 確定 申告 いつまで,140,30.0,Informational,N/A,確定申告 2026-07-08
投資 信託 確定 申告 いくら から,140,15.0,Informational,N/A,確定申告 2026-07-08
明治 安田 生命 確定 申告 書き方,140,16.0,Navigational,N/A,確定申告 2026-07-08
株 配当 確定 申告 いくら から,140,28.0,Informational,N/A,確定申告 2026-07-08
派遣 確定 申告 必要 書類,140,7.0,Informational,N/A,確定申告 2026-07-08
準 確定 申告 いつまで,140,22.0,Informational,N/A,確定申告 2026-07-08
準 確定 申告 とは,140,26.0,Informational,N/A,確定申告 2026-07-08
無職 確定 申告 いつ,140,29.0,Informational,N/A,確定申告 2026-07-08
確定 申告 いくら 戻っ て くる,140,30.0,Informational,N/A,確定申告 2026-07-08
確定 申告 しない と どうなる か,140,22.0,Informational,N/A,確定申告 2026-07-08
確定 申告 しない と どうなる の,140,20.0,Informational,N/A,確定申告 2026-07-08
確定 申告 どこに 提出,140,29.0,Informational,N/A,確定申告 2026-07-08
確定 申告 どれくらい 戻っ て くる,140,25.0,Informational,N/A,確定申告 2026-07-08
確定 申告 なぜ,140,26.0,Informational,N/A,確定申告 2026-07-08
確定 申告 を しない と どうなる の,140,24.0,Informational,N/A,確定申告 2026-07-08
確定 申告 アルバイト いくら から,140,23.0,Informational,N/A,確定申告 2026-07-08
確定 申告 マイナス 書き方,140,18.0,Informational,N/A,確定申告 2026-07-08
確定 申告 リフォーム 必要 書類,140,13.0,Informational,N/A,確定申告 2026-07-08
確定 申告 住民 税 書き方,140,29.0,Informational,N/A,確定申告 2026-07-08
確定 申告 何 年 保存,140,18.0,Informational,N/A,確定申告 2026-07-08
確定 申告 保険 料 控除 いつまで,140,28.0,Informational,N/A,確定申告 2026-07-08
確定 申告 国民 年金 いつから いつまで,140,29.0,Informational,N/A,確定申告 2026-07-08
確定 申告 売上 いくら から,140,29.0,Informational,N/A,確定申告 2026-07-08
確定 申告 接待 交際 費 いくら まで,140,17.0,Informational,N/A,確定申告 2026-07-08
確定 申告 書き方 無職,140,21.0,Informational,N/A,確定申告 2026-07-08
確定 申告 源泉 徴収 票 必要,140,30.0,Informational,N/A,確定申告 2026-07-08
確定 申告 為替 差益 必要 書類,140,21.0,Informational,N/A,確定申告 2026-07-08
確定 申告 申告 漏れ どうなる,140,19.0,Informational,N/A,確定申告 2026-07-08
確定 申告 行か ない と どうなる,140,26.0,Informational,N/A,確定申告 2026-07-08
確定 申告 返信 用 封筒 書き方,140,21.0,Informational,N/A,確定申告 2026-07-08
確定申告 赤字 書き方 白色申告,140,17.0,Informational,N/A,確定申告 2026-07-08
確定申告いつまで 2021 延長,140,11.0,Informational,N/A,確定申告 2026-07-08
譲渡 所得 が マイナス の 場合 確定 申告 は 必要,140,9.0,Informational,N/A,確定申告 2026-07-08
譲渡 所得 確定 申告 いくら から,140,23.0,Informational,N/A,確定申告 2026-07-08
退職 者 確定 申告 必要 書類,140,24.0,Informational,N/A,確定申告 2026-07-08
障害 年金 確定 申告 書き方,140,11.0,Informational,N/A,確定申告 2026-07-08
社会 保険 料 いつ 払う,140,21.0,Informational,N/A,社会保険料 2026-07-08
社会 保険 料 どれくらい,140,28.0,Informational,N/A,社会保険料 2026-07-08
社会 保険 料 何 割,140,28.0,Informational,N/A,社会保険料 2026-07-08
社会 保険 料 定時 改定 いつから,140,18.0,Informational,N/A,社会保険料 2026-07-08
chubb 損害 保険 年末 調整 書き方,110,26.0,Informational,N/A,年末調整 2026-07-08
あいおい ニッセイ 年末 調整 書き方,110,16.0,Navigational,N/A,年末調整 2026-07-08
が ん 保険 年末 調整 書き方,110,15.0,Informational,N/A,年末調整 2026-07-08
プルデンシャル 年末 調整 書き方,110,18.0,Navigational,N/A,年末調整 2026-07-08
マニュライフ 生命 年末 調整 書き方,110,22.0,Navigational,N/A,年末調整 2026-07-08
メット ライフ 年末 調整 書き方,110,20.0,Informational,N/A,年末調整 2026-07-08
再 年末 調整 いつまで,110,22.0,Informational,N/A,年末調整 2026-07-08
年末 調整 ja 共済 書き方,110,29.0,Informational,N/A,年末調整 2026-07-08
年末 調整 いくら 戻る シミュレーション,110,14.0,Informational,N/A,年末調整 2026-07-08
年末 調整 いつ 届く,110,21.0,Informational,N/A,年末調整 2026-07-08
年末 調整 いつ 返金,110,21.0,Informational,N/A,年末調整 2026-07-08
年末 調整 いつまで 会社,110,25.0,Informational,N/A,年末調整 2026-07-08
年末 調整 しない 源泉 徴収 票 書き方,110,30.0,Informational,N/A,年末調整 2026-07-08
年末 調整 どこに 提出,110,25.0,Informational,N/A,年末調整 2026-07-08
年末 調整 に 源泉 徴収 票 は 必要,110,27.0,Informational,N/A,年末調整 2026-07-08
年末 調整 は いつまで,110,25.0,Informational,N/A,年末調整 2026-07-08
年末 調整 は 何 月 から 何 月 まで,110,29.0,Informational,N/A,年末調整 2026-07-08
年末 調整 介護 保険 書き方,110,19.0,Informational,N/A,年末調整 2026-07-08
年末 調整 住宅 ローン いくら 戻る,110,10.0,Informational,N/A,年末調整 2026-07-08
年末 調整 住宅 ローン 必要 書類,110,28.0,Informational,N/A,年末調整 2026-07-08
年末 調整 住宅 ローン 控除 いくら,110,24.0,Informational,N/A,年末調整 2026-07-08
年末 調整 住所 変更 書き方,110,27.0,Informational,N/A,年末調整 2026-07-08
年末 調整 保険 控除 いくら 戻る,110,14.0,Informational,N/A,年末調整 2026-07-08
年末 調整 保険 種類 書き方,110,15.0,Informational,N/A,年末調整 2026-07-08
年末 調整 国民 年金 保険 料 書き方,110,28.0,Informational,N/A,年末調整 2026-07-08
年末 調整 市役所 何 課,110,25.0,Informational,N/A,年末調整 2026-07-08
年末 調整 扶養 妻 書き方,110,25.0,Commercial,N/A,年末調整 2026-07-08
年末 調整 提出 しない と どうなる,110,15.0,Informational,N/A,年末調整 2026-07-08
年末 調整 書き方 住所 変更,110,13.0,Informational,N/A,年末調整 2026-07-08
年末 調整 書き方 妻 パート,110,25.0,Informational,N/A,年末調整 2026-07-08
年末 調整 書き方 生命 保険 計算,110,29.0,Informational,N/A,年末調整 2026-07-08
年末 調整 書き方 訂正,110,18.0,Informational,N/A,年末調整 2026-07-08
年末 調整 書き方 計算,110,29.0,Informational,N/A,年末調整 2026-07-08
年末 調整 最大 いくら 戻る,110,22.0,Informational,N/A,年末調整 2026-07-08
年末 調整 未済 確定 申告 書き方,110,29.0,Informational,N/A,年末調整 2026-07-08
年末 調整 申告 漏れ どうなる,110,30.0,Informational,N/A,年末調整 2026-07-08
年末 調整 第 一 生命 書き方,110,22.0,Informational,N/A,年末調整 2026-07-08
年末 調整 還付 とは,110,25.0,Informational,N/A,年末調整 2026-07-08
年末 調整 還付 金 誰が 払う,110,13.0,Informational,N/A,年末調整 2026-07-08
年末 調整 金 いつ,110,22.0,Informational,N/A,年末調整 2026-07-08
年末 調整 離婚 した 場合 書き方,110,18.0,Informational,N/A,年末調整 2026-07-08
年末 調整 離婚 書き方,110,15.0,Informational,N/A,年末調整 2026-07-08
年末調整 2022 いつから,110,27.0,Informational,N/A,年末調整 2026-07-08
年末調整 来年の収入 なぜ,110,13.0,Informational,N/A,年末調整 2026-07-08
年金 追 納 年末 調整 書き方,110,27.0,Informational,N/A,年末調整 2026-07-08
所得税 徴収 高 計算 書 書き方 年末 調整,110,24.0,Informational,N/A,年末調整 2026-07-08
扶養内パート 年末調整 書き方,110,29.0,Informational,N/A,年末調整 2026-07-08
独身 年末 調整 書き方,110,23.0,Informational,N/A,年末調整 2026-07-08
社会 保険 年末 調整 書き方,110,23.0,Informational,N/A,年末調整 2026-07-08
ideco 確定 申告 書き方,110,28.0,Informational,N/A,確定申告 2026-07-08
ふるさと 納税 いつまで 確定 申告,110,30.0,Informational,N/A,確定申告 2026-07-08
パート 確定 申告 必要,110,24.0,Informational,N/A,確定申告 2026-07-08
フリマ 確定 申告 いくら から,110,16.0,Informational,N/A,確定申告 2026-07-08
マンション 購入 確定 申告 必要 書類,110,29.0,Informational,N/A,確定申告 2026-07-08
メット ライフ 生命 確定 申告 書き方,110,29.0,Informational,N/A,確定申告 2026-07-08
休眠 会社 確定 申告 書き方,110,12.0,Informational,N/A,確定申告 2026-07-08
会社 確定 申告 いつ,110,27.0,Informational,N/A,確定申告 2026-07-08
住友 生命 確定 申告 書き方,110,22.0,Informational,N/A,確定申告 2026-07-08
住宅 ローン 控除 確定 申告 必要 な もの,110,27.0,Informational,N/A,確定申告 2026-07-08
住宅 ローン 確定 申告 書き方,110,27.0,Informational,N/A,確定申告 2026-07-08
個人 年金 確定 申告 必要 書類,110,25.0,Informational,N/A,確定申告 2026-07-08
医療 確定 申告 いつまで,110,29.0,Informational,N/A,確定申告 2026-07-08
医療 費 控除 確定 申告 いくら,110,27.0,Informational,N/A,確定申告 2026-07-08
医療 費 控除 確定 申告 いつ,110,24.0,Informational,N/A,確定申告 2026-07-08
医療 費 確定 申告 何 年 前 まで,110,23.0,Informational,N/A,確定申告 2026-07-08
医療費控除 確定申告 いつまで 2021,110,24.0,Informational,N/A,確定申告 2026-07-08
固定 資産 税 確定 申告 必要 書類,110,14.0,Informational,N/A,確定申告 2026-07-08
土地 売買 確定 申告 必要 書類,110,23.0,Informational,N/A,確定申告 2026-07-08
学資 保険 満期 確定 申告 書き方,110,11.0,Informational,N/A,確定申告 2026-07-08
家 確定 申告 必要 書類,110,29.0,Informational,N/A,確定申告 2026-07-08
家賃 収入 確定 申告 いくら から,110,20.0,Informational,N/A,確定申告 2026-07-08
年金 受給 者 確定 申告 必要,110,30.0,Informational,N/A,確定申告 2026-07-08
年金 生活 者 確定 申告 必要,110,29.0,Informational,N/A,確定申告 2026-07-08
必要 経費 と は 確定 申告,110,24.0,Informational,N/A,確定申告 2026-07-08
扶養 内 確定 申告 必要,110,16.0,Informational,N/A,確定申告 2026-07-08
新築 確定 申告 いつまで,110,30.0,Informational,N/A,確定申告 2026-07-08
未 支給 年金 確定 申告 書き方,110,13.0,Informational,N/A,確定申告 2026-07-08
株 確定 申告 書き方,110,29.0,Informational,N/A,確定申告 2026-07-08
死亡 保険 金 確定 申告 書き方,110,14.0,Informational,N/A,確定申告 2026-07-08
法人 確定 申告 いつまで,110,29.0,Informational,N/A,確定申告 2026-07-08
満期 保険 金 確定 申告 必要 書類,110,18.0,Informational,N/A,確定申告 2026-07-08
準 確定 申告 医療 費 控除 書き方,110,21.0,Informational,N/A,確定申告 2026-07-08
準 確定 申告 還付 金 いつ,110,13.0,Informational,N/A,確定申告 2026-07-08
為替 差益 確定 申告 必要 書類,110,27.0,Informational,N/A,確定申告 2026-07-08
生保 レディ 確定 申告 還付 金 いくら,110,17.0,Informational,N/A,確定申告 2026-07-08
生活 保護 確定 申告 必要,110,18.0,Informational,N/A,確定申告 2026-07-08
相続 不動産 売却 確定 申告 必要 書類,110,18.0,Informational,N/A,確定申告 2026-07-08
確定 申告 いつまで 住宅 ローン,110,20.0,Informational,N/A,確定申告 2026-07-08
確定 申告 が 必要 な 人 アルバイト,110,23.0,Informational,N/A,確定申告 2026-07-08
確定 申告 しない と どう なり ます か,110,18.0,Informational,N/A,確定申告 2026-07-08
確定 申告 しない と どうなる 知恵袋,110,28.0,Informational,N/A,確定申告 2026-07-08
確定 申告 なぜ する,110,26.0,Informational,N/A,確定申告 2026-07-08
確定 申告 の 書類 どこで もらえる,110,30.0,Informational,N/A,確定申告 2026-07-08
確定 申告 を 税理士 に 頼む と いくら かかる,110,18.0,"Informational, Commercial",N/A,確定申告 2026-07-08
確定 申告 フリー ランス いくら から,110,28.0,Informational,N/A,確定申告 2026-07-08
確定 申告 企業 年金 書き方,110,19.0,Informational,N/A,確定申告 2026-07-08
確定 申告 住民 税 還付 いつ,110,24.0,Informational,N/A,確定申告 2026-07-08
確定 申告 修正 申告 書 書き方,110,22.0,Informational,N/A,確定申告 2026-07-08
確定 申告 個人 事業 主 いつまで,110,29.0,Informational,N/A,確定申告 2026-07-08
確定 申告 分離 課税 書き方,110,30.0,Informational,N/A,確定申告 2026-07-08
確定 申告 医療 費 いくら,110,24.0,Informational,N/A,確定申告 2026-07-08
確定 申告 医療 費 控除 いくら,110,25.0,Informational,N/A,確定申告 2026-07-08
確定 申告 医療 費 控除 に 必要 な 書類,110,29.0,Informational,N/A,確定申告 2026-07-08
確定 申告 医療 費 明細 書 書き方,110,20.0,Informational,N/A,確定申告 2026-07-08
確定 申告 固定 資産 税 必要 書類,110,18.0,Informational,N/A,確定申告 2026-07-08
確定 申告 報酬 は 何 所得,110,22.0,Informational,N/A,確定申告 2026-07-08
確定 申告 売買 契約 書 コピー どこまで,110,9.0,Informational,N/A,確定申告 2026-07-08
確定 申告 必要 な もの バイト,110,15.0,Informational,N/A,確定申告 2026-07-08
確定 申告 必要 な もの 無職,110,22.0,Informational,N/A,確定申告 2026-07-08
確定 申告 必要 な 人 アルバイト,110,20.0,Informational,N/A,確定申告 2026-07-08
確定 申告 必要 書類 アルバイト,110,18.0,Informational,N/A,確定申告 2026-07-08
確定 申告 必要 書類 パート,110,26.0,Informational,N/A,確定申告 2026-07-08
確定 申告 必要 書類 給与 明細,110,30.0,Informational,N/A,確定申告 2026-07-08
確定 申告 新居 必要 書類,110,22.0,Informational,N/A,確定申告 2026-07-08
確定 申告 生命 保険 控除 書き方,110,30.0,Informational,N/A,確定申告 2026-07-08
確定 申告 生命 保険 書き方,110,30.0,Informational,N/A,確定申告 2026-07-08
確定 申告 税務署 どこでも いい,110,29.0,Informational,N/A,確定申告 2026-07-08
確定 申告 税理士 いくら,110,17.0,Informational,N/A,確定申告 2026-07-08
確定 申告 第 3 表 書き方,110,22.0,"Informational, Transactional",N/A,確定申告 2026-07-08
確定 申告 給与 いつから いつまで,110,26.0,Informational,N/A,確定申告 2026-07-08
確定 申告 続柄 書き方,110,24.0,Informational,N/A,確定申告 2026-07-08
確定 申告 繰越 損失 書き方,110,26.0,Informational,N/A,確定申告 2026-07-08
確定 申告 複数 口座 損益 通算 書き方,110,29.0,Informational,N/A,確定申告 2026-07-08
確定 申告 贈与 税 必要 書類,110,30.0,Informational,N/A,確定申告 2026-07-08
確定 申告 障害 者 控除 書き方,110,26.0,Informational,N/A,確定申告 2026-07-08
確定 申告 青色 申告 いつまで,110,29.0,Informational,N/A,確定申告 2026-07-08
確定 申告 領収 書 いつから いつまで,110,17.0,Informational,N/A,確定申告 2026-07-08
自宅 売却 確定 申告 必要 書類,110,19.0,Informational,N/A,確定申告 2026-07-08
贈与 確定 申告 必要 書類,110,25.0,Informational,N/A,確定申告 2026-07-08
足立 区 確定 申告 必要 書類,110,19.0,Informational,N/A,確定申告 2026-07-08
退職 したら 確定 申告 は 必要 か,110,22.0,Informational,N/A,確定申告 2026-07-08
配当 金 確定 申告 必要 書類,110,22.0,Informational,N/A,確定申告 2026-07-08
88000 円 社会 保険 料 いくら,110,11.0,Informational,N/A,社会保険料 2026-07-08
保険 料 控除 申告 書 書き方 社会 保険 料,110,17.0,Informational,N/A,社会保険料 2026-07-08
育休 復帰 社会 保険 料 いつから,110,17.0,Informational,N/A,社会保険料 2026-07-08
