from_url,proposed_target,reason
https://keisantool.com/seiza-aisho/futago-ohitsuji/,https://keisantool.com/seiza-aisho/ohitsuji-futago/,反向排列得分与判定相同；建议合并到对应顺序页。尚未重定向、删除或变更索引，需单独评估迁移及历史访问
https://keisantool.com/seiza-aisho/futago-oushi/,https://keisantool.com/seiza-aisho/oushi-futago/,反向排列得分与判定相同；建议合并到对应顺序页。尚未重定向、删除或变更索引，需单独评估迁移及历史访问
https://keisantool.com/seiza-aisho/ite-futago/,https://keisantool.com/seiza-aisho/futago-ite/,反向排列得分与判定相同；建议合并到对应顺序页。尚未重定向、删除或变更索引，需单独评估迁移及历史访问
https://keisantool.com/seiza-aisho/ite-kani/,https://keisantool.com/seiza-aisho/kani-ite/,反向排列得分与判定相同；建议合并到对应顺序页。尚未重定向、删除或变更索引，需单独评估迁移及历史访问
https://keisantool.com/seiza-aisho/ite-ohitsuji/,https://keisantool.com/seiza-aisho/ohitsuji-ite/,反向排列得分与判定相同；建议合并到对应顺序页。尚未重定向、删除或变更索引，需单独评估迁移及历史访问
https://keisantool.com/seiza-aisho/ite-otome/,https://keisantool.com/seiza-aisho/otome-ite/,反向排列得分与判定相同；建议合并到对应顺序页。尚未重定向、删除或变更索引，需单独评估迁移及历史访问
https://keisantool.com/seiza-aisho/ite-oushi/,https://keisantool.com/seiza-aisho/oushi-ite/,反向排列得分与判定相同；建议合并到对应顺序页。尚未重定向、删除或变更索引，需单独评估迁移及历史访问
https://keisantool.com/seiza-aisho/ite-sasori/,https://keisantool.com/seiza-aisho/sasori-ite/,反向排列得分与判定相同；建议合并到对应顺序页。尚未重定向、删除或变更索引，需单独评估迁移及历史访问
https://keisantool.com/seiza-aisho/ite-shishi/,https://keisantool.com/seiza-aisho/shishi-ite/,反向排列得分与判定相同；建议合并到对应顺序页。尚未重定向、删除或变更索引，需单独评估迁移及历史访问
https://keisantool.com/seiza-aisho/ite-tenbin/,https://keisantool.com/seiza-aisho/tenbin-ite/,反向排列得分与判定相同；建议合并到对应顺序页。尚未重定向、删除或变更索引，需单独评估迁移及历史访问
https://keisantool.com/seiza-aisho/kani-futago/,https://keisantool.com/seiza-aisho/futago-kani/,反向排列得分与判定相同；建议合并到对应顺序页。尚未重定向、删除或变更索引，需单独评估迁移及历史访问
https://keisantool.com/seiza-aisho/kani-ohitsuji/,https://keisantool.com/seiza-aisho/ohitsuji-kani/,反向排列得分与判定相同；建议合并到对应顺序页。尚未重定向、删除或变更索引，需单独评估迁移及历史访问
https://keisantool.com/seiza-aisho/kani-oushi/,https://keisantool.com/seiza-aisho/oushi-kani/,反向排列得分与判定相同；建议合并到对应顺序页。尚未重定向、删除或变更索引，需单独评估迁移及历史访问
https://keisantool.com/seiza-aisho/mizugame-futago/,https://keisantool.com/seiza-aisho/futago-mizugame/,反向排列得分与判定相同；建议合并到对应顺序页。尚未重定向、删除或变更索引，需单独评估迁移及历史访问
https://keisantool.com/seiza-aisho/mizugame-ite/,https://keisantool.com/seiza-aisho/ite-mizugame/,反向排列得分与判定相同；建议合并到对应顺序页。尚未重定向、删除或变更索引，需单独评估迁移及历史访问
https://keisantool.com/seiza-aisho/mizugame-kani/,https://keisantool.com/seiza-aisho/kani-mizugame/,反向排列得分与判定相同；建议合并到对应顺序页。尚未重定向、删除或变更索引，需单独评估迁移及历史访问
https://keisantool.com/seiza-aisho/mizugame-ohitsuji/,https://keisantool.com/seiza-aisho/ohitsuji-mizugame/,反向排列得分与判定相同；建议合并到对应顺序页。尚未重定向、删除或变更索引，需单独评估迁移及历史访问
https://keisantool.com/seiza-aisho/mizugame-otome/,https://keisantool.com/seiza-aisho/otome-mizugame/,反向排列得分与判定相同；建议合并到对应顺序页。尚未重定向、删除或变更索引，需单独评估迁移及历史访问
https://keisantool.com/seiza-aisho/mizugame-oushi/,https://keisantool.com/seiza-aisho/oushi-mizugame/,反向排列得分与判定相同；建议合并到对应顺序页。尚未重定向、删除或变更索引，需单独评估迁移及历史访问
https://keisantool.com/seiza-aisho/mizugame-sasori/,https://keisantool.com/seiza-aisho/sasori-mizugame/,反向排列得分与判定相同；建议合并到对应顺序页。尚未重定向、删除或变更索引，需单独评估迁移及历史访问
https://keisantool.com/seiza-aisho/mizugame-shishi/,https://keisantool.com/seiza-aisho/shishi-mizugame/,反向排列得分与判定相同；建议合并到对应顺序页。尚未重定向、删除或变更索引，需单独评估迁移及历史访问
https://keisantool.com/seiza-aisho/mizugame-tenbin/,https://keisantool.com/seiza-aisho/tenbin-mizugame/,反向排列得分与判定相同；建议合并到对应顺序页。尚未重定向、删除或变更索引，需单独评估迁移及历史访问
https://keisantool.com/seiza-aisho/mizugame-yagi/,https://keisantool.com/seiza-aisho/yagi-mizugame/,反向排列得分与判定相同；建议合并到对应顺序页。尚未重定向、删除或变更索引，需单独评估迁移及历史访问
https://keisantool.com/seiza-aisho/otome-futago/,https://keisantool.com/seiza-aisho/futago-otome/,反向排列得分与判定相同；建议合并到对应顺序页。尚未重定向、删除或变更索引，需单独评估迁移及历史访问
https://keisantool.com/seiza-aisho/otome-kani/,https://keisantool.com/seiza-aisho/kani-otome/,反向排列得分与判定相同；建议合并到对应顺序页。尚未重定向、删除或变更索引，需单独评估迁移及历史访问
https://keisantool.com/seiza-aisho/otome-ohitsuji/,https://keisantool.com/seiza-aisho/ohitsuji-otome/,反向排列得分与判定相同；建议合并到对应顺序页。尚未重定向、删除或变更索引，需单独评估迁移及历史访问
https://keisantool.com/seiza-aisho/otome-oushi/,https://keisantool.com/seiza-aisho/oushi-otome/,反向排列得分与判定相同；建议合并到对应顺序页。尚未重定向、删除或变更索引，需单独评估迁移及历史访问
https://keisantool.com/seiza-aisho/otome-shishi/,https://keisantool.com/seiza-aisho/shishi-otome/,反向排列得分与判定相同；建议合并到对应顺序页。尚未重定向、删除或变更索引，需单独评估迁移及历史访问
https://keisantool.com/seiza-aisho/oushi-ohitsuji/,https://keisantool.com/seiza-aisho/ohitsuji-oushi/,反向排列得分与判定相同；建议合并到对应顺序页。尚未重定向、删除或变更索引，需单独评估迁移及历史访问
https://keisantool.com/seiza-aisho/sasori-futago/,https://keisantool.com/seiza-aisho/futago-sasori/,反向排列得分与判定相同；建议合并到对应顺序页。尚未重定向、删除或变更索引，需单独评估迁移及历史访问
https://keisantool.com/seiza-aisho/sasori-kani/,https://keisantool.com/seiza-aisho/kani-sasori/,反向排列得分与判定相同；建议合并到对应顺序页。尚未重定向、删除或变更索引，需单独评估迁移及历史访问
https://keisantool.com/seiza-aisho/sasori-ohitsuji/,https://keisantool.com/seiza-aisho/ohitsuji-sasori/,反向排列得分与判定相同；建议合并到对应顺序页。尚未重定向、删除或变更索引，需单独评估迁移及历史访问
https://keisantool.com/seiza-aisho/sasori-otome/,https://keisantool.com/seiza-aisho/otome-sasori/,反向排列得分与判定相同；建议合并到对应顺序页。尚未重定向、删除或变更索引，需单独评估迁移及历史访问
https://keisantool.com/seiza-aisho/sasori-oushi/,https://keisantool.com/seiza-aisho/oushi-sasori/,反向排列得分与判定相同；建议合并到对应顺序页。尚未重定向、删除或变更索引，需单独评估迁移及历史访问
https://keisantool.com/seiza-aisho/sasori-shishi/,https://keisantool.com/seiza-aisho/shishi-sasori/,反向排列得分与判定相同；建议合并到对应顺序页。尚未重定向、删除或变更索引，需单独评估迁移及历史访问
https://keisantool.com/seiza-aisho/sasori-tenbin/,https://keisantool.com/seiza-aisho/tenbin-sasori/,反向排列得分与判定相同；建议合并到对应顺序页。尚未重定向、删除或变更索引，需单独评估迁移及历史访问
https://keisantool.com/seiza-aisho/shishi-futago/,https://keisantool.com/seiza-aisho/futago-shishi/,反向排列得分与判定相同；建议合并到对应顺序页。尚未重定向、删除或变更索引，需单独评估迁移及历史访问
https://keisantool.com/seiza-aisho/shishi-kani/,https://keisantool.com/seiza-aisho/kani-shishi/,反向排列得分与判定相同；建议合并到对应顺序页。尚未重定向、删除或变更索引，需单独评估迁移及历史访问
https://keisantool.com/seiza-aisho/shishi-ohitsuji/,https://keisantool.com/seiza-aisho/ohitsuji-shishi/,反向排列得分与判定相同；建议合并到对应顺序页。尚未重定向、删除或变更索引，需单独评估迁移及历史访问
https://keisantool.com/seiza-aisho/shishi-oushi/,https://keisantool.com/seiza-aisho/oushi-shishi/,反向排列得分与判定相同；建议合并到对应顺序页。尚未重定向、删除或变更索引，需单独评估迁移及历史访问
https://keisantool.com/seiza-aisho/tenbin-futago/,https://keisantool.com/seiza-aisho/futago-tenbin/,反向排列得分与判定相同；建议合并到对应顺序页。尚未重定向、删除或变更索引，需单独评估迁移及历史访问
https://keisantool.com/seiza-aisho/tenbin-kani/,https://keisantool.com/seiza-aisho/kani-tenbin/,反向排列得分与判定相同；建议合并到对应顺序页。尚未重定向、删除或变更索引，需单独评估迁移及历史访问
https://keisantool.com/seiza-aisho/tenbin-ohitsuji/,https://keisantool.com/seiza-aisho/ohitsuji-tenbin/,反向排列得分与判定相同；建议合并到对应顺序页。尚未重定向、删除或变更索引，需单独评估迁移及历史访问
https://keisantool.com/seiza-aisho/tenbin-otome/,https://keisantool.com/seiza-aisho/otome-tenbin/,反向排列得分与判定相同；建议合并到对应顺序页。尚未重定向、删除或变更索引，需单独评估迁移及历史访问
https://keisantool.com/seiza-aisho/tenbin-oushi/,https://keisantool.com/seiza-aisho/oushi-tenbin/,反向排列得分与判定相同；建议合并到对应顺序页。尚未重定向、删除或变更索引，需单独评估迁移及历史访问
https://keisantool.com/seiza-aisho/tenbin-shishi/,https://keisantool.com/seiza-aisho/shishi-tenbin/,反向排列得分与判定相同；建议合并到对应顺序页。尚未重定向、删除或变更索引，需单独评估迁移及历史访问
https://keisantool.com/seiza-aisho/uo-futago/,https://keisantool.com/seiza-aisho/futago-uo/,反向排列得分与判定相同；建议合并到对应顺序页。尚未重定向、删除或变更索引，需单独评估迁移及历史访问
https://keisantool.com/seiza-aisho/uo-ite/,https://keisantool.com/seiza-aisho/ite-uo/,反向排列得分与判定相同；建议合并到对应顺序页。尚未重定向、删除或变更索引，需单独评估迁移及历史访问
https://keisantool.com/seiza-aisho/uo-kani/,https://keisantool.com/seiza-aisho/kani-uo/,反向排列得分与判定相同；建议合并到对应顺序页。尚未重定向、删除或变更索引，需单独评估迁移及历史访问
https://keisantool.com/seiza-aisho/uo-mizugame/,https://keisantool.com/seiza-aisho/mizugame-uo/,反向排列得分与判定相同；建议合并到对应顺序页。尚未重定向、删除或变更索引，需单独评估迁移及历史访问
https://keisantool.com/seiza-aisho/uo-ohitsuji/,https://keisantool.com/seiza-aisho/ohitsuji-uo/,反向排列得分与判定相同；建议合并到对应顺序页。尚未重定向、删除或变更索引，需单独评估迁移及历史访问
https://keisantool.com/seiza-aisho/uo-otome/,https://keisantool.com/seiza-aisho/otome-uo/,反向排列得分与判定相同；建议合并到对应顺序页。尚未重定向、删除或变更索引，需单独评估迁移及历史访问
https://keisantool.com/seiza-aisho/uo-oushi/,https://keisantool.com/seiza-aisho/oushi-uo/,反向排列得分与判定相同；建议合并到对应顺序页。尚未重定向、删除或变更索引，需单独评估迁移及历史访问
https://keisantool.com/seiza-aisho/uo-sasori/,https://keisantool.com/seiza-aisho/sasori-uo/,反向排列得分与判定相同；建议合并到对应顺序页。尚未重定向、删除或变更索引，需单独评估迁移及历史访问
https://keisantool.com/seiza-aisho/uo-shishi/,https://keisantool.com/seiza-aisho/shishi-uo/,反向排列得分与判定相同；建议合并到对应顺序页。尚未重定向、删除或变更索引，需单独评估迁移及历史访问
https://keisantool.com/seiza-aisho/uo-tenbin/,https://keisantool.com/seiza-aisho/tenbin-uo/,反向排列得分与判定相同；建议合并到对应顺序页。尚未重定向、删除或变更索引，需单独评估迁移及历史访问
https://keisantool.com/seiza-aisho/uo-yagi/,https://keisantool.com/seiza-aisho/yagi-uo/,反向排列得分与判定相同；建议合并到对应顺序页。尚未重定向、删除或变更索引，需单独评估迁移及历史访问
https://keisantool.com/seiza-aisho/yagi-futago/,https://keisantool.com/seiza-aisho/futago-yagi/,反向排列得分与判定相同；建议合并到对应顺序页。尚未重定向、删除或变更索引，需单独评估迁移及历史访问
https://keisantool.com/seiza-aisho/yagi-ite/,https://keisantool.com/seiza-aisho/ite-yagi/,反向排列得分与判定相同；建议合并到对应顺序页。尚未重定向、删除或变更索引，需单独评估迁移及历史访问
https://keisantool.com/seiza-aisho/yagi-kani/,https://keisantool.com/seiza-aisho/kani-yagi/,反向排列得分与判定相同；建议合并到对应顺序页。尚未重定向、删除或变更索引，需单独评估迁移及历史访问
https://keisantool.com/seiza-aisho/yagi-ohitsuji/,https://keisantool.com/seiza-aisho/ohitsuji-yagi/,反向排列得分与判定相同；建议合并到对应顺序页。尚未重定向、删除或变更索引，需单独评估迁移及历史访问
https://keisantool.com/seiza-aisho/yagi-otome/,https://keisantool.com/seiza-aisho/otome-yagi/,反向排列得分与判定相同；建议合并到对应顺序页。尚未重定向、删除或变更索引，需单独评估迁移及历史访问
https://keisantool.com/seiza-aisho/yagi-oushi/,https://keisantool.com/seiza-aisho/oushi-yagi/,反向排列得分与判定相同；建议合并到对应顺序页。尚未重定向、删除或变更索引，需单独评估迁移及历史访问
https://keisantool.com/seiza-aisho/yagi-sasori/,https://keisantool.com/seiza-aisho/sasori-yagi/,反向排列得分与判定相同；建议合并到对应顺序页。尚未重定向、删除或变更索引，需单独评估迁移及历史访问
https://keisantool.com/seiza-aisho/yagi-shishi/,https://keisantool.com/seiza-aisho/shishi-yagi/,反向排列得分与判定相同；建议合并到对应顺序页。尚未重定向、删除或变更索引，需单独评估迁移及历史访问
https://keisantool.com/seiza-aisho/yagi-tenbin/,https://keisantool.com/seiza-aisho/tenbin-yagi/,反向排列得分与判定相同；建议合并到对应顺序页。尚未重定向、删除或变更索引，需单独评估迁移及历史访问
